URL,Version,Status,OIDs,Name,Title,Description,Uses,Used,Sources
http://hl7.org/fhir/ValueSet/additional-instruction-codes,4.0.1,draft,"2.16.840.1.113883.4.642.3.95",SNOMEDCTAdditionalDosageInstructions,SNOMED CT Additional Dosage Instructions,"This value set includes all SNOMED CT Additional Dosage Instructions.","StructureDefinition/fr-medication-request-document,StructureDefinition/fr-medication-statement-document,StructureDefinition/fr-medication-dispense-document","SCT"
http://hl7.org/fhir/ValueSet/address-type,4.0.1,active,"2.16.840.1.113883.4.642.3.69",AddressType,AddressType,"The type of an address (physical / postal).","StructureDefinition/fr-patient-ins-document","hl7.fhir.r4.core"
http://hl7.org/fhir/ValueSet/address-use,4.0.1,active,"2.16.840.1.113883.4.642.3.67",AddressUse,AddressUse,"The use of an address.","StructureDefinition/fr-patient-ins-document","hl7.fhir.r4.core"
http://hl7.org/fhir/ValueSet/administration-method-codes,4.0.1,draft,"2.16.840.1.113883.4.642.3.97",SNOMEDCTAdministrationMethodCodes,SNOMED CT Administration Method Codes,"This value set includes some method codes from SNOMED CT - provided as an exemplar","StructureDefinition/fr-medication-request-document,StructureDefinition/fr-medication-administration-document,StructureDefinition/fr-medication-statement-document,StructureDefinition/fr-medication-dispense-document","SCT"
http://hl7.org/fhir/ValueSet/administrative-gender,4.0.1,active,"2.16.840.1.113883.4.642.3.1",AdministrativeGender,AdministrativeGender,"The gender of a person used for administrative purposes.","StructureDefinition/fr-practitioner-document,StructureDefinition/fr-patient-ins-document,StructureDefinition/fr-family-member-history-document,StructureDefinition/fr-related-person-document,StructureDefinition/fr-patient-document","hl7.fhir.r4.core"
http://hl7.org/fhir/ValueSet/adverse-event-actuality,4.0.1,draft,"2.16.840.1.113883.4.642.3.831",AdverseEventActuality,AdverseEventActuality,"Overall nature of the adverse event, e.g. real or potential.","StructureDefinition/fr-adverse-event-document","hl7.fhir.r4.core"
http://hl7.org/fhir/ValueSet/adverse-event-causality-method,4.0.1,draft,"2.16.840.1.113883.4.642.3.842",AdverseEventCausalityMethod,AdverseEventCausalityMethod,"TODO.","StructureDefinition/fr-adverse-event-document","THO"
http://hl7.org/fhir/ValueSet/adverse-event-seriousness,4.0.1,draft,"2.16.840.1.113883.4.642.3.838",AdverseEventSeriousness,AdverseEventSeriousness,"Overall seriousness of this event for the patient.","StructureDefinition/fr-adverse-event-document","THO"
http://hl7.org/fhir/ValueSet/adverse-event-type,4.0.1,draft,"2.16.840.1.113883.4.642.3.835",SNOMEDCTClinicalFindings,SNOMED CT Clinical Findings,"This value set includes all SNOMED CT Clinical Findings.","StructureDefinition/fr-adverse-event-document","SCT"
http://hl7.org/fhir/ValueSet/allergy-intolerance-category,4.0.1,draft,"2.16.840.1.113883.4.642.3.133",AllergyIntoleranceCategory,AllergyIntoleranceCategory,"Category of an identified substance associated with allergies or intolerances.","StructureDefinition/fr-allergy-intolerance-document","hl7.fhir.r4.core"
http://hl7.org/fhir/ValueSet/allergy-intolerance-criticality,4.0.1,draft,"2.16.840.1.113883.4.642.3.129",AllergyIntoleranceCriticality,AllergyIntoleranceCriticality,"Estimate of the potential clinical harm, or seriousness, of a reaction to an identified substance.","StructureDefinition/fr-allergy-intolerance-document","hl7.fhir.r4.core"
http://hl7.org/fhir/ValueSet/allergyintolerance-clinical,4.0.1,draft,"2.16.840.1.113883.4.642.3.1372",AllergyIntoleranceClinicalStatusCodes,AllergyIntolerance Clinical Status Codes,"Preferred value set for AllergyIntolerance Clinical Status.","StructureDefinition/fr-allergy-intolerance-document","THO"
http://hl7.org/fhir/ValueSet/allergyintolerance-verification,4.0.1,draft,"2.16.840.1.113883.4.642.3.1370",AllergyIntoleranceVerificationStatusCodes,AllergyIntolerance Verification Status Codes,"Preferred value set for AllergyIntolerance Verification Status.","StructureDefinition/fr-allergy-intolerance-document","THO"
http://hl7.org/fhir/ValueSet/approach-site-codes,4.0.1,draft,"2.16.840.1.113883.4.642.3.346",SNOMEDCTAnatomicalStructureForAdministrationSiteCodes,SNOMED CT Anatomical Structure for Administration Site Codes,"This value set includes Anatomical Structure codes from SNOMED CT - provided as an exemplar.","ValueSet/fr-vs-location-body-structure-document,StructureDefinition/fr-medication-dispense-document","SCT"
http://hl7.org/fhir/ValueSet/body-site,4.0.1,draft,"2.16.840.1.113883.4.642.3.141",SNOMEDCTBodyStructures,SNOMED CT Body Structures,"This value set includes all codes from [SNOMED CT](http://snomed.info/sct) where concept is-a 442083009 (Anatomical or acquired body site (body structure)).","StructureDefinition/fr-condition-document,StructureDefinition/fr-observation-multiresistant-microorganism-document,StructureDefinition/fr-observation-survey-pannel-document,StructureDefinition/fr-observation-work-related-accident-document,StructureDefinition/fr-observation-pregnancy-history-document,StructureDefinition/fr-observation-vital-signs-panel-document,StructureDefinition/fr-observation-administration-blood-derivatives-document,StructureDefinition/fr-observation-transfusion-accidents-document,StructureDefinition/fr-observation-result-document,ValueSet/fr-vs-location-body-structure-document,StructureDefinition/fr-observation-social-history-document,StructureDefinition/fr-device-use-statement-document,StructureDefinition/fr-observation-pregnancy-document,StructureDefinition/fr-observation-birth-event-document,StructureDefinition/fr-imaging-study-document,StructureDefinition/fr-observation-medical-summary-document,StructureDefinition/fr-observation-pain-score-document,StructureDefinition/fr-observation-ald-document,StructureDefinition/fr-observation-survey-document,StructureDefinition/fr-service-request-document,StructureDefinition/fr-observation-prevention-document,StructureDefinition/fr-observation-blood-product-transfusion-document,StructureDefinition/fr-media-document,StructureDefinition/fr-specimen-document,StructureDefinition/fr-procedure-document,StructureDefinition/fr-observation-radiation-exposure-document,StructureDefinition/fr-observation-contra-indications-document,StructureDefinition/fr-observation-microorganism-detection-document,StructureDefinition/fr-family-member-history-body-site-extension,StructureDefinition/fr-service-request-imaging-document,StructureDefinition/fr-observation-laboratory-report-results-document,StructureDefinition/fr-observation-vital-signs-document","SCT"
http://hl7.org/fhir/ValueSet/bodystructure-code,4.0.1,draft,"2.16.840.1.113883.4.642.3.142",SNOMEDCTMorphologicAbnormalities,SNOMED CT Morphologic Abnormalities,"This value set includes all codes from [SNOMED CT](http://snomed.info/sct) where concept is-a 442083009 (Anatomical or acquired body site (body structure)).","StructureDefinition/fr-body-structure-document","SCT"
http://hl7.org/fhir/ValueSet/bundle-type,4.0.1,active,"2.16.840.1.113883.4.642.3.620",BundleType,BundleType,"Indicates the purpose of a bundle - how it is intended to be used.","StructureDefinition/fr-bundle-document","hl7.fhir.r4.core"
http://hl7.org/fhir/ValueSet/c80-doc-typecodes,4.0.1,active,"2.16.840.1.113883.3.88.12.80.47",DocumentTypeValueSet,Document Type Value Set,"This is the code specifying the precise type of document (e.g. Pulmonary History and  Physical, Discharge Summary, Ultrasound Report, etc.). The Document Type value set includes all LOINC  values listed in HITSP C80 Table 2-144 Document Class Value Set Definition above used for Document Class,  and all LOINC values whose SCALE is DOC in the LOINC database.","StructureDefinition/fr-document-reference-document","LOINC"
http://hl7.org/fhir/ValueSet/c80-facilitycodes,4.0.1,active,"2.16.840.1.113883.3.88.12.80.67",FacilityTypeCodeValueSet,Facility Type Code Value Set,"This is the code representing the type of organizational setting where the clinical encounter, service, interaction, or treatment occurred. The value set used for Healthcare Facility Type has been defined by HITSP to be the value set reproduced from HITSP C80 Table 2-147.","StructureDefinition/fr-document-reference-document","SCT"
http://hl7.org/fhir/ValueSet/c80-practice-codes,4.0.1,active,"2.16.840.1.113883.3.88.12.80.72",PracticeSettingCodeValueSet,Practice Setting Code Value Set,"This is the code representing the clinical specialty of the clinician or provider who interacted with, treated, or provided a service to/for the patient. The value set used for clinical specialty has been limited by HITSP to the value set reproduced from HITSP C80 Table 2-149 Clinical Specialty Value Set Definition.","StructureDefinition/fr-document-reference-document","SCT"
http://hl7.org/fhir/ValueSet/care-plan-activity-kind,4.0.1,draft,"2.16.840.1.113883.4.642.3.145",CarePlanActivityKind,Care Plan Activity Kind,"Resource types defined as part of FHIR that can be represented as in-line definitions of a care plan activity.","StructureDefinition/fr-care-plan-document","hl7.fhir.r4.core"
http://hl7.org/fhir/ValueSet/care-plan-activity-outcome,4.0.1,draft,"2.16.840.1.113883.4.642.3.149",CarePlanActivityOutcome,Care Plan Activity Outcome,"Example codes indicating the outcome of a care plan activity. Note that these are in no way complete and might not even be appropriate for some uses.","StructureDefinition/fr-care-plan-document","SCT"
http://hl7.org/fhir/ValueSet/care-plan-activity-status,4.0.1,draft,"2.16.840.1.113883.4.642.3.146",CarePlanActivityStatus,CarePlanActivityStatus,"Codes that reflect the current state of a care plan activity within its overall life cycle.","StructureDefinition/fr-care-plan-document","hl7.fhir.r4.core"
http://hl7.org/fhir/ValueSet/care-plan-category,4.0.1,draft,"2.16.840.1.113883.4.642.3.148",CarePlanCategory,Care Plan Category,"Example codes indicating the category a care plan falls within.  Note that these are in no way complete and might not even be appropriate for some uses.","StructureDefinition/fr-care-plan-document","SCT"
http://hl7.org/fhir/ValueSet/care-plan-intent,4.0.1,draft,"2.16.840.1.113883.4.642.3.150",CarePlanIntent,Care Plan Intent,"Codes indicating the degree of authority/intentionality associated with a care plan.","StructureDefinition/fr-care-plan-document","hl7.fhir.r4.core"
http://hl7.org/fhir/ValueSet/clinical-findings,4.0.1,draft,"2.16.840.1.113883.4.642.3.232",SNOMEDCTClinicalFindings,SNOMED CT Clinical Findings,"This value set includes all the ""Clinical finding"" [SNOMED CT](http://snomed.info/sct) codes - concepts where concept is-a 404684003 (Clinical finding (finding)).","StructureDefinition/fr-diagnostic-report-imaging-document,StructureDefinition/fr-allergy-intolerance-document,StructureDefinition/fr-care-plan-document,StructureDefinition/fr-diagnostic-report-document,StructureDefinition/fr-diagnostic-report-bio-chapter-document,StructureDefinition/fr-family-member-history-document","SCT"
http://hl7.org/fhir/ValueSet/common-tags,4.0.1,draft,"2.16.840.1.113883.4.642.3.79",CommonTags,Common Tags,"Common Tag Codes defined by FHIR project","StructureDefinition/fr-organization-document,StructureDefinition/fr-practitioner-document,StructureDefinition/fr-patient-ins-document,StructureDefinition/fr-practitionerRole-document,StructureDefinition/fr-encounter-document,StructureDefinition/fr-location-document,StructureDefinition/fr-encounter-care-document,StructureDefinition/fr-composition-document,StructureDefinition/fr-related-person-document,StructureDefinition/fr-patient-document","THO"
http://hl7.org/fhir/ValueSet/composition-attestation-mode,4.0.1,draft,"2.16.840.1.113883.4.642.3.238",CompositionAttestationMode,CompositionAttestationMode,"The way in which a person authenticated a composition.","StructureDefinition/fr-composition-document","hl7.fhir.r4.core"
http://hl7.org/fhir/ValueSet/composition-status,4.0.1,draft,"2.16.840.1.113883.4.642.3.241",CompositionStatus,CompositionStatus,"The workflow/clinical status of the composition.","StructureDefinition/fr-document-reference-document,StructureDefinition/fr-composition-document","hl7.fhir.r4.core"
http://hl7.org/fhir/ValueSet/condition-clinical,4.0.1,draft,"2.16.840.1.113883.4.642.3.164",ConditionClinicalStatusCodes,Condition Clinical Status Codes,"Preferred value set for Condition Clinical Status.","StructureDefinition/fr-condition-document","THO"
http://hl7.org/fhir/ValueSet/condition-code,4.0.1,draft,"2.16.840.1.113883.4.642.3.161",Condition/Problem/DiagnosisCodes,Condition/Problem/Diagnosis Codes,"Example value set for Condition/Problem/Diagnosis codes.","StructureDefinition/fr-condition-document,StructureDefinition/fr-medication-request-document,StructureDefinition/fr-device-request-document,StructureDefinition/fr-medication-statement-document,StructureDefinition/fr-procedure-document,StructureDefinition/fr-procedure-imaging-document","SCT"
http://hl7.org/fhir/ValueSet/condition-outcome,4.0.1,draft,"2.16.840.1.113883.4.642.3.967",ConditionOutcomeCodes,Condition Outcome Codes,"Example value set for condition outcomes.","StructureDefinition/fr-family-member-history-document","SCT"
http://hl7.org/fhir/ValueSet/condition-severity,4.0.1,draft,"2.16.840.1.113883.4.642.3.168",Condition/DiagnosisSeverity,Condition/Diagnosis Severity,"Preferred value set for Condition/Diagnosis severity grading.","StructureDefinition/fr-condition-document","SCT"
http://hl7.org/fhir/ValueSet/condition-stage-type,4.0.1,draft,"2.16.840.1.113883.4.642.3.171",ConditionStageType,Condition Stage Type,"Example value set for the type of stages of cancer and other conditions","StructureDefinition/fr-condition-document","SCT"
http://hl7.org/fhir/ValueSet/condition-ver-status,4.0.1,draft,"2.16.840.1.113883.4.642.3.166",ConditionVerificationStatus,ConditionVerificationStatus,"The verification status to support or decline the clinical status of the condition or diagnosis.","StructureDefinition/fr-condition-document","THO"
http://hl7.org/fhir/ValueSet/consent-action,4.0.1,draft,"2.16.840.1.113883.4.642.3.753",ConsentActionCodes,Consent Action Codes,"This value set includes sample Consent Action codes.","StructureDefinition/fr-advance-directive-document","THO"
http://hl7.org/fhir/ValueSet/consent-category,4.0.1,draft,"2.16.840.1.113883.4.642.3.751",ConsentCategoryCodes,Consent Category Codes,"This value set includes sample Consent Directive Type codes, including several consent directive related LOINC codes; HL7 VALUE SET: ActConsentType(2.16.840.1.113883.1.11.19897); examples of US realm consent directive legal descriptions and references to online and/or downloadable forms such as the SSA-827 Authorization to Disclose Information to the Social Security Administration; and other anticipated consent directives related to participation in a clinical trial, medical procedures, reproductive procedures; health care directive (Living Will); advance directive, do not resuscitate (DNR); Physician Orders for Life-Sustaining Treatment (POLST)","StructureDefinition/fr-advance-directive-document","LOINC,THO"
http://hl7.org/fhir/ValueSet/consent-content-class,4.0.1,draft,"2.16.840.1.113883.4.642.3.747",ConsentContentClass,Consent Content Class,"This value set includes the FHIR resource types, along with some other important content class codes","StructureDefinition/fr-advance-directive-document","hl7.fhir.r4.core,Other"
http://hl7.org/fhir/ValueSet/consent-data-meaning,4.0.1,draft,"2.16.840.1.113883.4.642.3.759",ConsentDataMeaning,ConsentDataMeaning,"How a resource reference is interpreted when testing consent restrictions.","StructureDefinition/fr-advance-directive-document","hl7.fhir.r4.core"
http://hl7.org/fhir/ValueSet/consent-policy,4.0.1,draft,"2.16.840.1.113883.4.642.3.1014",ConsentPolicyRuleCodes,Consent PolicyRule Codes,"This value set includes sample Regulatory consent policy types from the US and other regions.","StructureDefinition/fr-advance-directive-document","THO"
http://hl7.org/fhir/ValueSet/consent-provision-type,4.0.1,draft,"2.16.840.1.113883.4.642.3.757",ConsentProvisionType,ConsentProvisionType,"How a rule statement is applied, such as adding additional consent or removing consent.","StructureDefinition/fr-advance-directive-document","hl7.fhir.r4.core"
http://hl7.org/fhir/ValueSet/consent-scope,4.0.1,draft,"2.16.840.1.113883.4.642.3.761",ConsentScopeCodes,Consent Scope Codes,"This value set includes the four Consent scope codes.","StructureDefinition/fr-advance-directive-document","THO"
http://hl7.org/fhir/ValueSet/consent-state-codes,4.0.1,draft,"2.16.840.1.113883.4.642.3.755",ConsentState,ConsentState,"Indicates the state of the consent.","StructureDefinition/fr-advance-directive-document","hl7.fhir.r4.core"
http://hl7.org/fhir/ValueSet/contact-point-system,4.0.1,active,"2.16.840.1.113883.4.642.3.71",ContactPointSystem,ContactPointSystem,"Telecommunications form for contact point.","StructureDefinition/fr-organization-document,StructureDefinition/fr-practitioner-document,StructureDefinition/fr-practitionerRole-document","hl7.fhir.r4.core"
http://hl7.org/fhir/ValueSet/contact-point-use,4.0.1,active,"2.16.840.1.113883.4.642.3.73",ContactPointUse,ContactPointUse,"Use of contact point.","StructureDefinition/fr-organization-document,StructureDefinition/fr-practitioner-document,StructureDefinition/fr-practitionerRole-document","hl7.fhir.r4.core"
http://hl7.org/fhir/ValueSet/contactentity-type,4.0.1,draft,"2.16.840.1.113883.4.642.3.416",ContactEntityType,Contact entity type,"This example value set defines a set of codes that can be used to indicate the purpose for which you would contact a contact party.","StructureDefinition/fr-organization-document","THO"
http://hl7.org/fhir/ValueSet/data-absent-reason,4.0.1,active,"2.16.840.1.113883.4.642.3.5",DataAbsentReason,DataAbsentReason,"Used to specify why the normally expected content of the data element is missing.","StructureDefinition/fr-observation-survey-document,StructureDefinition/fr-observation-survey-pannel-document,StructureDefinition/fr-observation-multiresistant-microorganism-document,StructureDefinition/fr-observation-prevention-document,StructureDefinition/fr-observation-blood-product-transfusion-document,StructureDefinition/fr-observation-work-related-accident-document,StructureDefinition/fr-observation-radiation-exposure-document,StructureDefinition/fr-observation-vital-signs-panel-document,StructureDefinition/fr-observation-pregnancy-history-document,StructureDefinition/fr-observation-contra-indications-document,StructureDefinition/fr-observation-microorganism-detection-document,StructureDefinition/fr-observation-administration-blood-derivatives-document,StructureDefinition/fr-observation-result-document,StructureDefinition/fr-observation-transfusion-accidents-document,StructureDefinition/fr-observation-social-history-document,StructureDefinition/fr-observation-pregnancy-document,StructureDefinition/fr-observation-birth-event-document,StructureDefinition/fr-observation-laboratory-report-results-document,StructureDefinition/fr-observation-vital-signs-document,StructureDefinition/fr-observation-medical-summary-document,StructureDefinition/fr-observation-pain-score-document,StructureDefinition/fr-observation-ald-document","THO"
http://hl7.org/fhir/ValueSet/days-of-week,4.0.1,active,"2.16.840.1.113883.4.642.3.512",DaysOfWeek,DaysOfWeek,"The days of the week.","StructureDefinition/fr-medication-request-document,StructureDefinition/fr-device-request-document,StructureDefinition/fr-practitionerRole-document,StructureDefinition/fr-location-document","hl7.fhir.r4.core"
http://hl7.org/fhir/ValueSet/device-action,4.0.1,draft,"2.16.840.1.113883.4.642.3.425",ProcedureDeviceActionCodes,Procedure Device Action Codes,"Example codes indicating the change that happened to the device during the procedure.  Note that these are in no way complete and might not even be appropriate for some uses.","StructureDefinition/fr-procedure-document,StructureDefinition/fr-procedure-imaging-document","SCT"
http://hl7.org/fhir/ValueSet/device-kind,4.0.1,draft,"2.16.840.1.113883.4.642.3.208",FHIRDeviceTypes,FHIR Device Types,"Codes used to identify medical devices. Includes concepts from SNOMED CT (http://www.snomed.org/) where concept is-a 49062001 (Device)  and is provided as a suggestive example.","StructureDefinition/fr-device-request-document,StructureDefinition/fr-procedure-document,StructureDefinition/fr-procedure-imaging-document","SCT"
http://hl7.org/fhir/ValueSet/device-nametype,4.0.1,draft,"2.16.840.1.113883.4.642.3.1083",DeviceNameType,DeviceNameType,"The type of name the device is referred by.","StructureDefinition/fr-device-auteur-document","hl7.fhir.r4.core"
http://hl7.org/fhir/ValueSet/device-statement-status,4.0.1,draft,"2.16.840.1.113883.4.642.3.214",DeviceUseStatementStatus,DeviceUseStatementStatus,"A coded concept indicating the current status of the Device Usage.","StructureDefinition/fr-device-use-statement-document","hl7.fhir.r4.core"
http://hl7.org/fhir/ValueSet/device-status,4.0.1,draft,"2.16.840.1.113883.4.642.3.209",FHIRDeviceStatus,FHIRDeviceStatus,"The availability status of the device.","StructureDefinition/fr-device-auteur-document","hl7.fhir.r4.core"
http://hl7.org/fhir/ValueSet/device-status-reason,4.0.1,draft,"2.16.840.1.113883.4.642.3.1081",FHIRDeviceStatusReason,FHIRDeviceStatusReason,"The availability status reason of the device.","StructureDefinition/fr-device-auteur-document","THO"
http://hl7.org/fhir/ValueSet/diagnosis-role,4.0.1,draft,"2.16.840.1.113883.4.642.3.49",DiagnosisRole,DiagnosisRole,"This value set defines a set of codes that can be used to express the role of a diagnosis on the Encounter or EpisodeOfCare record.","StructureDefinition/fr-encounter-document,StructureDefinition/fr-encounter-care-document","THO"
http://hl7.org/fhir/ValueSet/diagnostic-report-status,4.0.1,draft,"2.16.840.1.113883.4.642.3.235",DiagnosticReportStatus,DiagnosticReportStatus,"The status of the diagnostic report.","StructureDefinition/fr-diagnostic-report-imaging-document,StructureDefinition/fr-diagnostic-report-document,StructureDefinition/fr-diagnostic-report-bio-chapter-document","hl7.fhir.r4.core"
http://hl7.org/fhir/ValueSet/doc-typecodes,4.0.1,draft,"2.16.840.1.113883.4.642.3.240",FHIRDocumentTypeCodes,FHIR Document Type Codes,"FHIR Document Codes - all LOINC codes where scale type = 'DOC'.","StructureDefinition/fr-composition-document","LOINC"
http://hl7.org/fhir/ValueSet/document-classcodes,4.0.1,active,"2.16.840.1.113883.3.88.12.80.46",DocumentClassValueSet,Document Class Value Set,"This is the code specifying the high-level kind of document (e.g. Prescription, Discharge Summary, Report, etc.). Note: Class code for documents comes from LOINC, and is based upon one of the following:The type of service described by the document. It is described at a very high level in Section 7.3 of the LOINC Manual. The type study performed. It was determined by identifying modalities for study reports. The section of the chart where the document is placed. It was determined from the SETs created for Claims Attachment requests.","StructureDefinition/fr-document-reference-document,StructureDefinition/fr-composition-document","LOINC"
http://hl7.org/fhir/ValueSet/document-reference-status,4.0.1,draft,"2.16.840.1.113883.4.642.3.7",DocumentReferenceStatus,DocumentReferenceStatus,"The status of the document reference.","StructureDefinition/fr-document-reference-document","hl7.fhir.r4.core"
http://hl7.org/fhir/ValueSet/document-relationship-type,4.0.1,draft,"2.16.840.1.113883.4.642.3.244",DocumentRelationshipType,DocumentRelationshipType,"The type of relationship between documents.","StructureDefinition/fr-document-reference-document,StructureDefinition/fr-composition-document","hl7.fhir.r4.core"
http://hl7.org/fhir/ValueSet/dose-rate-type,4.0.1,draft,"2.16.840.1.113883.4.642.3.981",DoseAndRateType,DoseAndRateType,"The kind of dose or rate specified.","StructureDefinition/fr-medication-request-document,StructureDefinition/fr-medication-statement-document,StructureDefinition/fr-medication-dispense-document","THO"
http://hl7.org/fhir/ValueSet/encounter-admit-source,4.0.1,draft,"2.16.840.1.113883.4.642.3.257",AdmitSource,Admit source,"This value set defines a set of codes that can be used to indicate from where the patient came in.","StructureDefinition/fr-encounter-document,StructureDefinition/fr-encounter-care-document","THO"
http://hl7.org/fhir/ValueSet/encounter-diet,4.0.1,draft,"2.16.840.1.113883.4.642.3.255",Diet,Diet,"This value set defines a set of codes that can be used to indicate dietary preferences or restrictions a patient may have.","StructureDefinition/fr-encounter-document,StructureDefinition/fr-encounter-care-document","THO"
http://hl7.org/fhir/ValueSet/encounter-location-status,4.0.1,draft,"2.16.840.1.113883.4.642.3.262",EncounterLocationStatus,EncounterLocationStatus,"The status of the location.","StructureDefinition/fr-encounter-document,StructureDefinition/fr-encounter-care-document","hl7.fhir.r4.core"
http://hl7.org/fhir/ValueSet/encounter-participant-type,4.0.1,draft,"2.16.840.1.113883.4.642.3.250",ParticipantType,Participant type,"This value set defines a set of codes that can be used to indicate how an individual participates in an encounter.","StructureDefinition/fr-encounter-document,StructureDefinition/fr-encounter-care-document","THO (V3),THO"
http://hl7.org/fhir/ValueSet/encounter-reason,4.0.1,draft,"2.16.840.1.113883.4.642.3.261",EncounterReasonCodes,Encounter Reason Codes,"This examples value set defines the set of codes that can be used to indicate reasons for an encounter.","StructureDefinition/fr-encounter-document,StructureDefinition/fr-encounter-care-document","SCT"
http://hl7.org/fhir/ValueSet/encounter-special-arrangements,4.0.1,draft,"2.16.840.1.113883.4.642.3.253",SpecialArrangements,Special arrangements,"This value set defines a set of codes that can be used to indicate the kinds of special arrangements in place for a patients visit.","StructureDefinition/fr-encounter-document,StructureDefinition/fr-encounter-care-document","THO"
http://hl7.org/fhir/ValueSet/encounter-special-courtesy,4.0.1,draft,"2.16.840.1.113883.4.642.3.252",SpecialCourtesy,Special courtesy,"This value set defines a set of codes that can be used to indicate special courtesies provided to the patient.","StructureDefinition/fr-encounter-document,StructureDefinition/fr-encounter-care-document","THO (V3)"
http://hl7.org/fhir/ValueSet/encounter-status,4.0.1,draft,"2.16.840.1.113883.4.642.3.246",EncounterStatus,EncounterStatus,"Current state of the encounter.","StructureDefinition/fr-encounter-document,StructureDefinition/fr-encounter-care-document","hl7.fhir.r4.core"
http://hl7.org/fhir/ValueSet/endpoint-connection-type,4.0.1,draft,"2.16.840.1.113883.4.642.3.498",EndpointConnectionType,Endpoint Connection Type,"This is an example value set defined by the FHIR project, that could be used to represent possible connection type profile values.","StructureDefinition/fr-endpoint-wado-document","THO"
http://hl7.org/fhir/ValueSet/endpoint-payload-type,4.0.1,draft,"2.16.840.1.113883.4.642.3.496",EndpointPayloadType,Endpoint Payload Type,"This is an example value set defined by the FHIR project, that could be used to represent possible payload document types.","StructureDefinition/fr-endpoint-wado-document","THO,Other"
http://hl7.org/fhir/ValueSet/endpoint-status,4.0.1,draft,"2.16.840.1.113883.4.642.3.494",EndpointStatus,EndpointStatus,"The status of the endpoint.","StructureDefinition/fr-endpoint-wado-document","hl7.fhir.r4.core"
http://hl7.org/fhir/ValueSet/event-status,4.0.1,draft,"2.16.840.1.113883.4.642.3.109",EventStatus,EventStatus,"Codes identifying the lifecycle stage of an event.","StructureDefinition/fr-media-document,StructureDefinition/fr-procedure-document,StructureDefinition/fr-procedure-imaging-document","hl7.fhir.r4.core"
http://hl7.org/fhir/ValueSet/event-timing,4.0.1,active,"2.16.840.1.113883.4.642.3.75",EventTiming,EventTiming,"Real world event relating to the schedule.","StructureDefinition/fr-medication-request-document,StructureDefinition/fr-device-request-document","THO (V3),hl7.fhir.r4.core"
http://hl7.org/fhir/ValueSet/formatcodes,4.0.1,active,"1.3.6.1.4.1.19376.1.2.7.1",DocumentReferenceFormatCodeSet,DocumentReference Format Code Set,"The value set is defined to be the set of format codes defined by the IHE Technical Framework, and also including additional format codes defined by the    HL7. The value set is listed in HITSP C80 Table 2-153 Format Code Value Set Definition,    with additions published later by IHE as published    at http://wiki.ihe.net/index.php?title=IHE_Format_Codes   and with additions published later by HL7 as published at https://confluence.hl7.org/display/SD/Format+Codes+for+IHE+XDS.   This is the code specifying the technical format of the document. Along with the typeCode,    it should provide sufficient information to allow any potential document consumer to know    if it will be able to process the document. The code shall be sufficiently specific to    ensure processing/display by identifying a document encoding, structure and template. The actual list of codes here is incomplete","StructureDefinition/fr-document-reference-document","Other"
http://hl7.org/fhir/ValueSet/history-absent-reason,4.0.1,draft,"2.16.840.1.113883.4.642.3.269",FamilyHistoryAbsentReason,FamilyHistoryAbsentReason,"Codes describing the reason why a family member's history is not available.","StructureDefinition/fr-family-member-history-document","THO"
http://hl7.org/fhir/ValueSet/history-status,4.0.1,draft,"2.16.840.1.113883.4.642.3.267",FamilyHistoryStatus,FamilyHistoryStatus,"A code that identifies the status of the family history record.","StructureDefinition/fr-family-member-history-document","hl7.fhir.r4.core"
http://hl7.org/fhir/ValueSet/http-verb,4.0.1,active,"2.16.840.1.113883.4.642.3.624",HTTPVerb,HTTPVerb,"HTTP verbs (in the HTTP command line). See [HTTP rfc](https://tools.ietf.org/html/rfc7231) for details.","StructureDefinition/fr-bundle-document","hl7.fhir.r4.core"
http://hl7.org/fhir/ValueSet/identifier-type,4.0.1,active,"2.16.840.1.113883.4.642.3.45",Identifier Type Codes,IdentifierType,"A coded type for an identifier that can be used to determine which identifier to use for a specific purpose.","StructureDefinition/fr-organization-document,StructureDefinition/fr-practitioner-document,StructureDefinition/fr-patient-ins-document,StructureDefinition/fr-study-instance-uid-identifier-document,StructureDefinition/fr-practitionerRole-document,StructureDefinition/fr-accession-number-identifier-document,StructureDefinition/fr-composition-document,StructureDefinition/fr-observation-radiation-exposure-document,StructureDefinition/fr-patient-document","THO (V2)"
http://hl7.org/fhir/ValueSet/identifier-use,4.0.1,active,"2.16.840.1.113883.4.642.3.57",IdentifierUse,IdentifierUse,"Identifies the purpose for this identifier, if known .","StructureDefinition/fr-organization-document,StructureDefinition/fr-practitioner-document,StructureDefinition/fr-patient-ins-document,StructureDefinition/fr-study-instance-uid-identifier-document,StructureDefinition/fr-practitionerRole-document,StructureDefinition/fr-accession-number-identifier-document,StructureDefinition/fr-encounter-document,StructureDefinition/fr-location-document,StructureDefinition/fr-encounter-care-document,StructureDefinition/fr-composition-document,StructureDefinition/fr-observation-radiation-exposure-document,StructureDefinition/fr-patient-document","hl7.fhir.r4.core"
http://hl7.org/fhir/ValueSet/imagingstudy-status,4.0.1,draft,"2.16.840.1.113883.4.642.3.990",ImagingStudyStatus,ImagingStudyStatus,"The status of the ImagingStudy.","StructureDefinition/fr-imaging-study-document","hl7.fhir.r4.core"
http://hl7.org/fhir/ValueSet/immunization-function,4.0.1,draft,"2.16.840.1.113883.4.642.3.995",ImmunizationFunctionCodes,Immunization Function Codes,"The value set to instantiate this attribute should be drawn from a terminologically robust code system that consists of or contains concepts to support describing the function a practitioner or organization may play in the immunization event. This value set is provided as a suggestive example.","StructureDefinition/fr-immunization-document","THO (V2)"
http://hl7.org/fhir/ValueSet/immunization-funding-source,4.0.1,draft,"2.16.840.1.113883.4.642.3.293",ImmunizationFundingSource,Immunization Funding Source,"The value set to instantiate this attribute should be drawn from a terminologically robust code system that consists of or contains concepts to support describing the source of the vaccine administered. This value set is provided as a suggestive example.","StructureDefinition/fr-immunization-document","THO"
http://hl7.org/fhir/ValueSet/immunization-origin,4.0.1,draft,"2.16.840.1.113883.4.642.3.296",ImmunizationOriginCodes,Immunization Origin Codes,"The value set to instantiate this attribute should be drawn from a terminologically robust code system that consists of or contains concepts to support describing the source of the data when the report of the immunization event is not based on information from the person, entity or organization who administered the vaccine. This value set is provided as a suggestive example.","StructureDefinition/fr-immunization-document","THO"
http://hl7.org/fhir/ValueSet/immunization-program-eligibility,4.0.1,draft,"2.16.840.1.113883.4.642.3.291",ImmunizationProgramEligibility,Immunization Program Eligibility,"The value set to instantiate this attribute should be drawn from a terminologically robust code system that consists of or contains concepts to support describing the patient's eligibility for a vaccination program. This value set is provided as a suggestive example.","StructureDefinition/fr-immunization-document","THO"
http://hl7.org/fhir/ValueSet/immunization-reason,4.0.1,draft,"2.16.840.1.113883.4.642.3.290",ImmunizationReasonCodes,Immunization Reason Codes,"The value set to instantiate this attribute should be drawn from a terminologically robust code system that consists of or contains concepts to support describing the reason why a dose of vaccine was administered. This value set is provided as a suggestive example.","StructureDefinition/fr-immunization-document","SCT"
http://hl7.org/fhir/ValueSet/immunization-recommendation-date-criterion,4.0.1,draft,"2.16.840.1.113883.4.642.3.308",ImmunizationRecommendationDateCriterionCodes,Immunization Recommendation Date Criterion Codes,"The value set to instantiate this attribute should be drawn from a terminologically robust code system that consists of or contains concepts to support the definition of dates relevant to recommendations for future doses of vaccines. This value set is provided as a suggestive example.","StructureDefinition/fr-immunization-recommendation-document","LOINC"
http://hl7.org/fhir/ValueSet/immunization-recommendation-reason,4.0.1,draft,"2.16.840.1.113883.4.642.3.307",ImmunizationRecommendationReasonCodes,Immunization Recommendation Reason Codes,"The value set to instantiate this attribute should be drawn from a terminologically robust code system that consists of or contains concepts to support describing the reasons why a given recommendation status is assigned. This value set is provided as a suggestive example and includes SNOMED CT concepts.","StructureDefinition/fr-immunization-recommendation-document","SCT"
http://hl7.org/fhir/ValueSet/immunization-recommendation-status,4.0.1,draft,"2.16.840.1.113883.4.642.3.305",ImmunizationRecommendationStatusCodes,Immunization Recommendation Status Codes,"The value set to instantiate this attribute should be drawn from a terminologically robust code system that consists of or contains concepts to support describing the status of the patient towards perceived immunity against a vaccine preventable disease. This value set is provided as a suggestive example.","StructureDefinition/fr-immunization-recommendation-document","THO"
http://hl7.org/fhir/ValueSet/immunization-recommendation-target-disease,4.0.1,draft,"2.16.840.1.113883.4.642.3.309",ImmunizationRecommendationTargetDiseaseCodes,Immunization Recommendation Target Disease Codes,"The value set to instantiate this attribute should be drawn from a terminologically robust code system that consists of or contains concepts to support describing the disease targeted by a vaccination recommendation. This value set is provided as a suggestive example and includes the SNOMED CT concepts from the 64572001 (Disease) hierarchy.","StructureDefinition/fr-immunization-recommendation-document","SCT"
http://hl7.org/fhir/ValueSet/immunization-status,4.0.1,draft,"2.16.840.1.113883.4.642.3.295",ImmunizationStatusCodes,Immunization Status Codes,"The value set to instantiate this attribute should be drawn from a terminologically robust code system that consists of or contains concepts to support describing the current status of the administered dose of vaccine.","StructureDefinition/fr-immunization-document","hl7.fhir.r4.core"
http://hl7.org/fhir/ValueSet/immunization-status-reason,4.0.1,draft,"2.16.840.1.113883.4.642.3.992",ImmunizationStatusReasonCodes,Immunization Status Reason Codes,"The value set to instantiate this attribute should be drawn from a terminologically robust code system that consists of or contains concepts to support describing the reason why a dose of vaccine was not administered. This value set is provided as a suggestive example.","StructureDefinition/fr-immunization-document","THO (V3),SCT"
http://hl7.org/fhir/ValueSet/immunization-subpotent-reason,4.0.1,draft,"2.16.840.1.113883.4.642.3.993",ImmunizationSubpotentReason,Immunization Subpotent Reason,"The value set to instantiate this attribute should be drawn from a terminologically robust code system that consists of or contains concepts to support describing the reason why a dose is considered to be subpotent. This value set is provided as a suggestive example.","StructureDefinition/fr-immunization-document","THO"
http://hl7.org/fhir/ValueSet/immunization-target-disease,4.0.1,draft,"2.16.840.1.113883.4.642.3.1047",ImmunizationTargetDiseaseCodes,Immunization Target Disease Codes,"The value set to instantiate this attribute should be drawn from a terminologically robust code system that consists of or contains concepts to support describing the disease that the dose is being administered against. This value set is provided as a suggestive example and includes the SNOMED CT concepts from the 64572001 (Disease) hierarchy.","StructureDefinition/fr-immunization-document","SCT"
http://hl7.org/fhir/ValueSet/languages,4.0.1,draft,"2.16.840.1.113883.4.642.3.20",CommonLanguages,Common Languages,"This value set includes common codes from BCP-47 (http://tools.ietf.org/html/bcp47)","StructureDefinition/fr-condition-document,StructureDefinition/fr-advance-directive-document,StructureDefinition/fr-observation-survey-pannel-document,StructureDefinition/fr-medication-document,StructureDefinition/fr-medication-administration-document,StructureDefinition/fr-encounter-care-document,StructureDefinition/fr-task-patient-transport-document,StructureDefinition/fr-procedure-imaging-document,StructureDefinition/fr-observation-vital-signs-panel-document,StructureDefinition/fr-observation-administration-blood-derivatives-document,StructureDefinition/fr-care-plan-document,StructureDefinition/fr-immunization-recommendation-document,StructureDefinition/fr-bundle-document,StructureDefinition/fr-device-auteur-document,StructureDefinition/fr-observation-pregnancy-document,StructureDefinition/fr-observation-birth-event-document,StructureDefinition/fr-family-member-history-document,StructureDefinition/fr-medication-dispense-document,StructureDefinition/fr-observation-survey-document,StructureDefinition/fr-service-request-document,StructureDefinition/fr-organization-document,StructureDefinition/fr-observation-prevention-document,StructureDefinition/fr-observation-blood-product-transfusion-document,StructureDefinition/fr-observation-contra-indications-document,StructureDefinition/fr-observation-microorganism-detection-document,StructureDefinition/fr-service-request-imaging-document,StructureDefinition/fr-diagnostic-report-document,StructureDefinition/fr-patient-document,StructureDefinition/fr-allergy-intolerance-document,StructureDefinition/fr-observation-multiresistant-microorganism-document,StructureDefinition/fr-observation-work-related-accident-document,StructureDefinition/fr-practitionerRole-document,StructureDefinition/fr-immunization-document,StructureDefinition/fr-related-person-document,StructureDefinition/fr-observation-pregnancy-history-document,StructureDefinition/fr-observation-transfusion-accidents-document,StructureDefinition/fr-observation-result-document,StructureDefinition/fr-medication-request-document,StructureDefinition/fr-adverse-event-document,StructureDefinition/fr-patient-ins-document,StructureDefinition/fr-observation-social-history-document,StructureDefinition/fr-device-use-statement-document,StructureDefinition/fr-diagnostic-report-bio-chapter-document,StructureDefinition/fr-medication-statement-document,StructureDefinition/fr-imaging-study-document,StructureDefinition/fr-composition-document,StructureDefinition/fr-observation-medical-summary-document,StructureDefinition/fr-observation-pain-score-document,StructureDefinition/fr-observation-ald-document,StructureDefinition/fr-diagnostic-report-imaging-document,StructureDefinition/fr-endpoint-wado-document,StructureDefinition/fr-document-reference-document,StructureDefinition/fr-pregnancy-history-document,StructureDefinition/fr-device-request-document,StructureDefinition/fr-media-document,StructureDefinition/fr-specimen-document,StructureDefinition/fr-procedure-document,StructureDefinition/fr-observation-radiation-exposure-document,StructureDefinition/fr-practitioner-document,StructureDefinition/fr-body-structure-document,StructureDefinition/fr-encounter-document,StructureDefinition/fr-location-document,StructureDefinition/fr-observation-vital-signs-document,StructureDefinition/fr-observation-laboratory-report-results-document","hl7.fhir.uv.xver-r5.r4"
http://hl7.org/fhir/ValueSet/link-type,4.0.1,active,"2.16.840.1.113883.4.642.3.423",LinkType,LinkType,"The type of link between this patient resource and another patient resource.","StructureDefinition/fr-patient-ins-document,StructureDefinition/fr-patient-document","hl7.fhir.r4.core"
http://hl7.org/fhir/ValueSet/list-empty-reason,4.0.1,draft,"2.16.840.1.113883.4.642.3.322",ListEmptyReasons,List Empty Reasons,"General reasons for a list to be empty. Reasons are either related to a summary list (i.e. problem or medication list) or to a workflow related list (i.e. consultation list).","StructureDefinition/fr-pregnancy-history-document,StructureDefinition/fr-composition-document","THO"
http://hl7.org/fhir/ValueSet/list-example-codes,4.0.1,draft,"2.16.840.1.113883.4.642.3.316",ExampleUseCodesForList,Example Use Codes for List,"Example use codes for the List resource - typical kinds of use.","StructureDefinition/fr-pregnancy-history-document","THO"
http://hl7.org/fhir/ValueSet/list-item-flag,4.0.1,draft,"2.16.840.1.113883.4.642.3.320",PatientMedicineChangeTypes,Patient Medicine Change Types,"Example Item Flags for the List Resource. In this case, these are the kind of flags that would be used on a medication list at the end of a consultation.","StructureDefinition/fr-pregnancy-history-document","hl7.fhir.r4.core"
http://hl7.org/fhir/ValueSet/list-mode,4.0.1,draft,"2.16.840.1.113883.4.642.3.318",ListMode,ListMode,"The processing mode that applies to this list.","StructureDefinition/fr-pregnancy-history-document,StructureDefinition/fr-composition-document","hl7.fhir.r4.core"
http://hl7.org/fhir/ValueSet/list-order,4.0.1,draft,"2.16.840.1.113883.4.642.3.324",ListOrderCodes,List Order Codes,"Base values for the order of the items in a list resource.","StructureDefinition/fr-pregnancy-history-document,StructureDefinition/fr-composition-document","THO"
http://hl7.org/fhir/ValueSet/list-status,4.0.1,draft,"2.16.840.1.113883.4.642.3.326",ListStatus,ListStatus,"The current state of the list.","StructureDefinition/fr-pregnancy-history-document","hl7.fhir.r4.core"
http://hl7.org/fhir/ValueSet/location-mode,4.0.1,draft,"2.16.840.1.113883.4.642.3.330",LocationMode,LocationMode,"Indicates whether a resource instance represents a specific location or a class of locations.","StructureDefinition/fr-location-document","hl7.fhir.r4.core"
http://hl7.org/fhir/ValueSet/location-status,4.0.1,draft,"2.16.840.1.113883.4.642.3.332",LocationStatus,LocationStatus,"Indicates whether the location is still in use.","StructureDefinition/fr-location-document","hl7.fhir.r4.core"
http://hl7.org/fhir/ValueSet/manifestation-or-symptom,4.0.1,draft,"2.16.840.1.113883.4.642.3.169",ManifestationAndSymptomCodes,Manifestation and Symptom Codes,"Example value set for Manifestation and Symptom codes.","StructureDefinition/fr-condition-document","SCT"
http://hl7.org/fhir/ValueSet/med-admin-perform-function,4.0.1,draft,"2.16.840.1.113883.4.642.3.349",MedicationAdministration Performer Function Codes,Medication administration  performer  function  codes,"MedicationAdministration Performer Function Codes","StructureDefinition/fr-medication-administration-document","THO"
http://hl7.org/fhir/ValueSet/media-modality,4.0.1,draft,"2.16.840.1.113883.4.642.3.1001",MediaModality,Media Modality,"Detailed information about the type of the image - its kind, purpose, or the kind of equipment used to generate it.","StructureDefinition/fr-media-document","THO"
http://hl7.org/fhir/ValueSet/media-type,4.0.1,draft,"2.16.840.1.113883.4.642.3.1000",MediaType,Media Type,"Codes for high level media categories.","StructureDefinition/fr-media-document","THO"
http://hl7.org/fhir/ValueSet/media-view,4.0.1,draft,"2.16.840.1.113883.4.642.3.337",MediaCollectionView/Projection,Media Collection View/Projection,"Codes defined in SNOMED CT that can be used to record Media Recording views.","StructureDefinition/fr-media-document","SCT"
http://hl7.org/fhir/ValueSet/medication-admin-category,4.0.1,draft,"2.16.840.1.113883.4.642.3.347",MedicationAdministration Category Codes,Medication administration  category  codes,"MedicationAdministration Category Codes","StructureDefinition/fr-medication-administration-document","THO"
http://hl7.org/fhir/ValueSet/medication-admin-status,4.0.1,draft,"2.16.840.1.113883.4.642.3.340",MedicationAdministration Status Codes,Medication administration  status  codes,"MedicationAdministration Status Codes","StructureDefinition/fr-medication-administration-document","THO"
http://hl7.org/fhir/ValueSet/medication-as-needed-reason,4.0.1,draft,"2.16.840.1.113883.4.642.3.96",SNOMEDCTMedicationAsNeededReasonCodes,SNOMED CT Medication As Needed Reason Codes,"This value set includes all clinical findings from SNOMED CT - provided as an exemplar value set.","StructureDefinition/fr-service-request-document,StructureDefinition/fr-medication-request-document,StructureDefinition/fr-service-request-imaging-document,StructureDefinition/fr-medication-statement-document,StructureDefinition/fr-medication-dispense-document","SCT"
http://hl7.org/fhir/ValueSet/medication-codes,4.0.1,draft,"2.16.840.1.113883.4.642.3.375",SNOMEDCTMedicationCodes,SNOMED CT Medication Codes,"This value set includes all drug or medicament substance codes and all pharmaceutical/biologic products from SNOMED CT - provided as an exemplar value set.","StructureDefinition/fr-care-plan-document,StructureDefinition/fr-medication-request-document,StructureDefinition/fr-medication-document,StructureDefinition/fr-medication-statement-document,StructureDefinition/fr-medication-dispense-document","SCT"
http://hl7.org/fhir/ValueSet/medication-statement-category,4.0.1,draft,"2.16.840.1.113883.4.642.3.370",Medication usage category codes,Medication usage category codes,"Medication Status Codes","StructureDefinition/fr-medication-statement-document","THO"
http://hl7.org/fhir/ValueSet/medication-statement-status,4.0.1,draft,"2.16.840.1.113883.4.642.3.367",Medication Status Codes,Medication  status  codes,"Medication Status Codes","StructureDefinition/fr-medication-statement-document","hl7.fhir.r4.core"
http://hl7.org/fhir/ValueSet/medication-status,4.0.1,draft,"2.16.840.1.113883.4.642.3.376",Medication Status Codes,Medication  status  codes,"Medication Status Codes","StructureDefinition/fr-medication-document","hl7.fhir.r4.core"
http://hl7.org/fhir/ValueSet/medicationdispense-category,4.0.1,draft,"2.16.840.1.113883.4.642.3.1314",MedicationDispense Category Codes,Medication dispense  category  codes,"MedicationDispense Category Codes","StructureDefinition/fr-medication-dispense-document","THO"
http://hl7.org/fhir/ValueSet/medicationdispense-performer-function,4.0.1,draft,"2.16.840.1.113883.4.642.3.1318",MedicationDispense Performer Function Codes,Medication dispense  performer  function  codes,"MedicationDispense Performer Function Codes","StructureDefinition/fr-medication-dispense-document","THO"
http://hl7.org/fhir/ValueSet/medicationdispense-status,4.0.1,draft,"2.16.840.1.113883.4.642.3.1312",MedicationDispense Status Codes,Medication dispense  status  codes,"MedicationDispense Status Codes","StructureDefinition/fr-medication-dispense-document","THO"
http://hl7.org/fhir/ValueSet/medicationdispense-status-reason,4.0.1,draft,"2.16.840.1.113883.4.642.3.1316",MedicationDispense Status Reason Codes,Medication dispense  status  reason  codes,"MedicationDispense Status Codes","StructureDefinition/fr-medication-dispense-document","THO"
http://hl7.org/fhir/ValueSet/medicationrequest-category,4.0.1,draft,"2.16.840.1.113883.4.642.3.1322",medicationRequest Category Codes,Medication request  category  codes,"MedicationRequest Category Codes","StructureDefinition/fr-medication-request-document","THO"
http://hl7.org/fhir/ValueSet/medicationrequest-course-of-therapy,4.0.1,draft,"2.16.840.1.113883.4.642.3.1326",medicationRequest Course of Therapy Codes,Medication request  course of  therapy  codes,"MedicationRequest Course of Therapy Codes","StructureDefinition/fr-medication-request-document","THO"
http://hl7.org/fhir/ValueSet/medicationrequest-intent,4.0.1,draft,"2.16.840.1.113883.4.642.3.1321",medicationRequest Intent,Medication request  intent,"MedicationRequest Intent Codes","StructureDefinition/fr-medication-request-document","hl7.fhir.r4.core"
http://hl7.org/fhir/ValueSet/medicationrequest-status,4.0.1,draft,"2.16.840.1.113883.4.642.3.1320",medicationrequest Status,Medicationrequest  status,"MedicationRequest Status Codes","StructureDefinition/fr-medication-request-document","hl7.fhir.r4.core"
http://hl7.org/fhir/ValueSet/medicationrequest-status-reason,4.0.1,draft,"2.16.840.1.113883.4.642.3.1324",medicationRequest Status Reason Codes,Medication request  status  reason  codes,"MedicationRequest Status Reason Codes","StructureDefinition/fr-medication-request-document","THO"
http://hl7.org/fhir/ValueSet/mimetypes,4.0.1,active,"2.16.840.1.113883.4.642.3.1024",Mime Types,MimeType,"This value set includes all possible codes from BCP-13 (http://tools.ietf.org/html/bcp13)","StructureDefinition/fr-advance-directive-document,StructureDefinition/fr-endpoint-wado-document,StructureDefinition/fr-document-reference-document,StructureDefinition/fr-media-document","Other"
http://hl7.org/fhir/ValueSet/name-use,4.0.1,active,"2.16.840.1.113883.4.642.3.65",NameUse,NameUse,"The use of a human name.","StructureDefinition/fr-practitioner-document,StructureDefinition/fr-patient-ins-document,StructureDefinition/fr-human-name-document,StructureDefinition/fr-related-person-document,StructureDefinition/fr-patient-document","hl7.fhir.r4.core"
http://hl7.org/fhir/ValueSet/observation-category,4.0.1,draft,"2.16.840.1.113883.4.642.3.403",ObservationCategoryCodes,Observation Category Codes,"Observation Category codes.","StructureDefinition/fr-observation-survey-document,StructureDefinition/fr-observation-survey-pannel-document,StructureDefinition/fr-observation-multiresistant-microorganism-document,StructureDefinition/fr-observation-prevention-document,StructureDefinition/fr-observation-blood-product-transfusion-document,StructureDefinition/fr-observation-work-related-accident-document,StructureDefinition/fr-observation-radiation-exposure-document,StructureDefinition/fr-observation-vital-signs-panel-document,StructureDefinition/fr-observation-pregnancy-history-document,StructureDefinition/fr-observation-contra-indications-document,StructureDefinition/fr-observation-microorganism-detection-document,StructureDefinition/fr-observation-administration-blood-derivatives-document,StructureDefinition/fr-observation-result-document,StructureDefinition/fr-observation-transfusion-accidents-document,StructureDefinition/fr-observation-social-history-document,StructureDefinition/fr-observation-pregnancy-document,StructureDefinition/fr-observation-birth-event-document,StructureDefinition/fr-observation-laboratory-report-results-document,StructureDefinition/fr-observation-vital-signs-document,StructureDefinition/fr-observation-medical-summary-document,StructureDefinition/fr-observation-pain-score-document,StructureDefinition/fr-observation-ald-document","THO"
http://hl7.org/fhir/ValueSet/observation-codes,4.0.1,draft,"2.16.840.1.113883.4.642.3.396",LOINCCodes,LOINC Codes,"This value set includes all LOINC codes","StructureDefinition/fr-observation-survey-document,StructureDefinition/fr-observation-survey-pannel-document,StructureDefinition/fr-observation-multiresistant-microorganism-document,StructureDefinition/fr-observation-prevention-document,StructureDefinition/fr-observation-blood-product-transfusion-document,StructureDefinition/fr-observation-work-related-accident-document,StructureDefinition/fr-observation-radiation-exposure-document,StructureDefinition/fr-observation-pregnancy-history-document,StructureDefinition/fr-observation-contra-indications-document,StructureDefinition/fr-observation-microorganism-detection-document,StructureDefinition/fr-observation-administration-blood-derivatives-document,StructureDefinition/fr-observation-result-document,StructureDefinition/fr-observation-transfusion-accidents-document,StructureDefinition/fr-observation-social-history-document,StructureDefinition/fr-observation-pregnancy-document,StructureDefinition/fr-observation-birth-event-document,StructureDefinition/fr-observation-laboratory-report-results-document,StructureDefinition/fr-observation-medical-summary-document,StructureDefinition/fr-observation-pain-score-document,StructureDefinition/fr-observation-ald-document","LOINC"
http://hl7.org/fhir/ValueSet/observation-interpretation,4.0.1,active,"2.16.840.1.113883.4.642.3.399",ObservationInterpretationCodes,Observation Interpretation Codes,"A categorical assessment, providing a rough qualitative interpretation of the observation value,    such as “normal”/ “abnormal”,”low” / “high”, “better” / “worse”, “susceptible” / “resistant”, “expected”/ “not expected”.    The value set is intended to be for ANY use where coded representation of an interpretation is needed.             Notes:          This is being communicated in v2.x in OBX-8 (Observation Interpretation), in v3 in ObservationInterpretation (CWE) in R1 (Representative Realm) and in FHIR in    Observation.interpretation. Historically these values come from the laboratory domain, and these codes are extensively    used. The value set binding is extensible, so codes outside the value set that are needed for interpretation concepts    (i.e. particular meanings) that are not included in the value set can be used, and these new codes may also be added to    the value set and published in a future version.","StructureDefinition/fr-observation-survey-document,StructureDefinition/fr-observation-survey-pannel-document,StructureDefinition/fr-observation-multiresistant-microorganism-document,StructureDefinition/fr-observation-prevention-document,StructureDefinition/fr-observation-blood-product-transfusion-document,StructureDefinition/fr-observation-work-related-accident-document,StructureDefinition/fr-observation-radiation-exposure-document,StructureDefinition/fr-observation-vital-signs-panel-document,StructureDefinition/fr-observation-pregnancy-history-document,StructureDefinition/fr-observation-contra-indications-document,StructureDefinition/fr-observation-microorganism-detection-document,StructureDefinition/fr-observation-administration-blood-derivatives-document,StructureDefinition/fr-observation-result-document,StructureDefinition/fr-observation-transfusion-accidents-document,StructureDefinition/fr-observation-social-history-document,StructureDefinition/fr-observation-pregnancy-document,StructureDefinition/fr-observation-birth-event-document,StructureDefinition/fr-observation-laboratory-report-results-document,StructureDefinition/fr-observation-vital-signs-document,StructureDefinition/fr-observation-medical-summary-document,StructureDefinition/fr-observation-pain-score-document,StructureDefinition/fr-observation-ald-document","THO (V3)"
http://hl7.org/fhir/ValueSet/observation-methods,4.0.1,draft,"2.16.840.1.113883.4.642.3.395",ObservationMethods,Observation Methods,"Observation Method codes from [SNOMED CT](http://snomed.info/sct) where concept is-a 272394005 (Technique (qualifier value)) or is-a 129264002 (Action (qualifier value)) or is-a 386053000 (Evaluation procedure(procedure))","StructureDefinition/fr-observation-survey-document,StructureDefinition/fr-observation-survey-pannel-document,StructureDefinition/fr-observation-prevention-document,StructureDefinition/fr-observation-social-history-document,StructureDefinition/fr-observation-birth-event-document,StructureDefinition/fr-observation-laboratory-report-results-document,StructureDefinition/fr-observation-vital-signs-document,StructureDefinition/fr-observation-radiation-exposure-document,StructureDefinition/fr-observation-pain-score-document,StructureDefinition/fr-observation-ald-document,StructureDefinition/fr-observation-vital-signs-panel-document,StructureDefinition/fr-observation-pregnancy-history-document","SCT"
http://hl7.org/fhir/ValueSet/observation-status,4.0.1,active,"2.16.840.1.113883.4.642.3.400",ObservationStatus,ObservationStatus,"Codes providing the status of an observation.","StructureDefinition/fr-observation-survey-document,StructureDefinition/fr-observation-survey-pannel-document,StructureDefinition/fr-observation-multiresistant-microorganism-document,StructureDefinition/fr-observation-prevention-document,StructureDefinition/fr-observation-blood-product-transfusion-document,StructureDefinition/fr-observation-work-related-accident-document,StructureDefinition/fr-observation-radiation-exposure-document,StructureDefinition/fr-observation-vital-signs-panel-document,StructureDefinition/fr-observation-pregnancy-history-document,StructureDefinition/fr-observation-contra-indications-document,StructureDefinition/fr-observation-microorganism-detection-document,StructureDefinition/fr-observation-administration-blood-derivatives-document,StructureDefinition/fr-observation-result-document,StructureDefinition/fr-observation-transfusion-accidents-document,StructureDefinition/fr-observation-social-history-document,StructureDefinition/fr-observation-pregnancy-document,StructureDefinition/fr-observation-birth-event-document,StructureDefinition/fr-observation-laboratory-report-results-document,StructureDefinition/fr-observation-vital-signs-document,StructureDefinition/fr-observation-medical-summary-document,StructureDefinition/fr-observation-pain-score-document,StructureDefinition/fr-observation-ald-document","hl7.fhir.r4.core"
http://hl7.org/fhir/ValueSet/observation-vitalsignresult,4.0.1,active,"2.16.840.1.113883.3.88.12.80.62",VitalSigns,Vital Signs,"This value set indicates the allowed vital sign result types.   The LOINC code for Vitals Signs panel (85353-1) is a grouping structure for a set of vital signs and includes related links (with type=has-member) to the Observations in this set (e.g. respiratory rate, heart rate, BP).  The Blood pressure panel (85354-9) is used to group the component observations Systolic blood pressure (8480-6) and Diastolic blood pressure (8462-4).","StructureDefinition/fr-observation-vital-signs-document,StructureDefinition/fr-observation-vital-signs-panel-document","LOINC"
http://hl7.org/fhir/ValueSet/organization-type,4.0.1,draft,"2.16.840.1.113883.4.642.3.414",OrganizationType,Organization type,"This example value set defines a set of codes that can be used to indicate a type of organization.","StructureDefinition/fr-organization-document","THO"
http://hl7.org/fhir/ValueSet/participant-role,4.0.1,draft,"2.16.840.1.113883.4.642.3.152",ParticipantRoles,Participant Roles,"Roles of participants that may be included in a care team.  Defined as: Is a Person, Healthcare professional (occupation) or Healthcare related organization (qualifier value).","StructureDefinition/fr-service-request-document,StructureDefinition/fr-service-request-imaging-document,StructureDefinition/fr-device-request-document","SCT"
http://hl7.org/fhir/ValueSet/patient-contactrelationship,4.0.1,active,"2.16.840.1.113883.4.642.3.1130",PatientContactRelationship,Patient Contact Relationship ,"The nature of the relationship between the patient and the contact person.","StructureDefinition/fr-patient-ins-document,StructureDefinition/fr-patient-document","THO (V2)"
http://hl7.org/fhir/ValueSet/performer-role,4.0.1,draft,"2.16.840.1.113883.4.642.3.433",ProcedurePerformerRoleCodes,Procedure Performer Role Codes,"This example value set defines the set of codes that can be used to indicate a role of a procedure performer.","StructureDefinition/fr-medication-request-document,StructureDefinition/fr-task-patient-transport-document,StructureDefinition/fr-procedure-document,StructureDefinition/fr-procedure-imaging-document","SCT"
http://hl7.org/fhir/ValueSet/procedure-category,4.0.1,draft,"2.16.840.1.113883.4.642.3.430",ProcedureCategoryCodes(SNOMEDCT),Procedure Category Codes (SNOMED CT),"Procedure Category code: A selection of relevant SNOMED CT codes.","StructureDefinition/fr-procedure-document,StructureDefinition/fr-procedure-imaging-document","SCT"
http://hl7.org/fhir/ValueSet/procedure-code,4.0.1,draft,"2.16.840.1.113883.4.642.3.427",ProcedureCodes(SNOMEDCT),Procedure Codes (SNOMED CT),"Procedure Code: All SNOMED CT procedure codes.","StructureDefinition/fr-care-plan-document,StructureDefinition/fr-service-request-document,StructureDefinition/fr-service-request-imaging-document","SCT"
http://hl7.org/fhir/ValueSet/procedure-followup,4.0.1,draft,"2.16.840.1.113883.4.642.3.429",ProcedureFollowUpCodes(SNOMEDCT),Procedure Follow up Codes (SNOMED CT),"Procedure follow up codes: A selection of SNOMED CT codes relevant to procedure follow up.","StructureDefinition/fr-procedure-document,StructureDefinition/fr-procedure-imaging-document","SCT"
http://hl7.org/fhir/ValueSet/procedure-not-performed-reason,4.0.1,active,"2.16.840.1.113883.4.642.3.431",ProcedureNotPerformedReason(SNOMED-CT),Procedure Not Performed Reason (SNOMED-CT),"Situation codes describing the reason that a procedure, which might otherwise be expected, was not performed, or a procedure that was started and was not completed. Consists of SNOMED CT codes, children of procedure contraindicated (183932001), procedure discontinued (416406003), procedure not done (416237000), procedure not indicated (428119001), procedure not offered (416064006), procedure not wanted (416432009), procedure refused (183944003), and procedure stopped (394908001).","StructureDefinition/fr-procedure-document,StructureDefinition/fr-procedure-imaging-document","SCT"
http://hl7.org/fhir/ValueSet/procedure-outcome,4.0.1,draft,"2.16.840.1.113883.4.642.3.428",ProcedureOutcomeCodes(SNOMEDCT),Procedure Outcome Codes (SNOMED CT),"Procedure Outcome code: A selection of relevant SNOMED CT codes.","StructureDefinition/fr-procedure-document,StructureDefinition/fr-procedure-imaging-document","SCT"
http://hl7.org/fhir/ValueSet/procedure-reason,4.0.1,draft,"2.16.840.1.113883.4.642.3.432",ProcedureReasonCodes,Procedure Reason Codes,"This example value set defines the set of codes that can be used to indicate a reason for a procedure.","StructureDefinition/fr-service-request-document,StructureDefinition/fr-service-request-imaging-document,StructureDefinition/fr-media-document,StructureDefinition/fr-procedure-document,StructureDefinition/fr-procedure-imaging-document","SCT"
http://hl7.org/fhir/ValueSet/quantity-comparator,4.0.1,active,"2.16.840.1.113883.4.642.3.59",QuantityComparator,QuantityComparator,"How the Quantity should be understood and represented.","StructureDefinition/fr-medication-dispense-document","hl7.fhir.r4.core"
http://hl7.org/fhir/ValueSet/reaction-event-severity,4.0.1,draft,"2.16.840.1.113883.4.642.3.135",AllergyIntoleranceSeverity,AllergyIntoleranceSeverity,"Clinical assessment of the severity of a reaction event as a whole, potentially considering multiple different manifestations.","StructureDefinition/fr-allergy-intolerance-document","hl7.fhir.r4.core"
http://hl7.org/fhir/ValueSet/reason-medication-given-codes,4.0.1,draft,"2.16.840.1.113883.4.642.3.344",ReasonMedicationGivenCodes,Reason Medication Given Codes,"This value set is provided as an example. The value set to instantiate this attribute should be drawn from a robust terminology code system that consists of or contains concepts to support the medication process.","StructureDefinition/fr-medication-administration-document","THO"
http://hl7.org/fhir/ValueSet/reason-medication-not-given-codes,4.0.1,draft,"2.16.840.1.113883.4.642.3.342",SNOMEDCTReasonMedicationNotGivenCodes,SNOMED CT Reason Medication Not Given Codes,"This value set includes all medication refused, medication not administered, and non-administration of necessary drug or medicine codes from SNOMED CT - provided as an exemplar value set.","StructureDefinition/fr-medication-administration-document","SCT"
http://hl7.org/fhir/ValueSet/reason-medication-status-codes,4.0.1,draft,"2.16.840.1.113883.4.642.3.369",SNOMEDCTDrugTherapyStatusCodes,SNOMED CT Drug Therapy Status codes ,"This value set includes some taken and not taken reason codes from SNOMED CT - provided as an exemplar","StructureDefinition/fr-medication-statement-document","SCT"
http://hl7.org/fhir/ValueSet/referencerange-appliesto,4.0.1,draft,"2.16.840.1.113883.4.642.3.407",ObservationReferenceRangeAppliesToCodes,Observation Reference Range Applies To Codes,"This value set defines a set of codes that can be used to indicate the particular target population the reference range applies to.","StructureDefinition/fr-observation-survey-document,StructureDefinition/fr-observation-survey-pannel-document,StructureDefinition/fr-observation-multiresistant-microorganism-document,StructureDefinition/fr-observation-prevention-document,StructureDefinition/fr-observation-blood-product-transfusion-document,StructureDefinition/fr-observation-work-related-accident-document,StructureDefinition/fr-observation-radiation-exposure-document,StructureDefinition/fr-observation-vital-signs-panel-document,StructureDefinition/fr-observation-pregnancy-history-document,StructureDefinition/fr-observation-contra-indications-document,StructureDefinition/fr-observation-microorganism-detection-document,StructureDefinition/fr-observation-administration-blood-derivatives-document,StructureDefinition/fr-observation-result-document,StructureDefinition/fr-observation-transfusion-accidents-document,StructureDefinition/fr-observation-social-history-document,StructureDefinition/fr-observation-pregnancy-document,StructureDefinition/fr-observation-birth-event-document,StructureDefinition/fr-observation-laboratory-report-results-document,StructureDefinition/fr-observation-vital-signs-document,StructureDefinition/fr-observation-medical-summary-document,StructureDefinition/fr-observation-pain-score-document,StructureDefinition/fr-observation-ald-document","SCT"
http://hl7.org/fhir/ValueSet/referencerange-meaning,4.0.1,draft,"2.16.840.1.113883.4.642.3.397",ObservationReferenceRangeMeaningCodes,Observation Reference Range Meaning Codes,"This value set defines a set of codes that can be used to indicate the meaning/use of a reference range for a particular target population.","StructureDefinition/fr-observation-survey-document,StructureDefinition/fr-observation-survey-pannel-document,StructureDefinition/fr-observation-multiresistant-microorganism-document,StructureDefinition/fr-observation-prevention-document,StructureDefinition/fr-observation-blood-product-transfusion-document,StructureDefinition/fr-observation-work-related-accident-document,StructureDefinition/fr-observation-radiation-exposure-document,StructureDefinition/fr-observation-vital-signs-panel-document,StructureDefinition/fr-observation-pregnancy-history-document,StructureDefinition/fr-observation-contra-indications-document,StructureDefinition/fr-observation-microorganism-detection-document,StructureDefinition/fr-observation-administration-blood-derivatives-document,StructureDefinition/fr-observation-result-document,StructureDefinition/fr-observation-transfusion-accidents-document,StructureDefinition/fr-observation-social-history-document,StructureDefinition/fr-observation-pregnancy-document,StructureDefinition/fr-observation-birth-event-document,StructureDefinition/fr-observation-laboratory-report-results-document,StructureDefinition/fr-observation-vital-signs-document,StructureDefinition/fr-observation-medical-summary-document,StructureDefinition/fr-observation-pain-score-document,StructureDefinition/fr-observation-ald-document","THO"
http://hl7.org/fhir/ValueSet/relatedperson-relationshiptype,4.0.1,draft,"2.16.840.1.113883.4.642.3.449",PatientRelationshipType,Patient relationship type,"A set of codes that can be used to indicate the relationship between a Patient and a Related Person.","StructureDefinition/fr-related-person-document","THO (V3),THO (V2)"
http://hl7.org/fhir/ValueSet/report-codes,4.0.1,draft,"2.16.840.1.113883.4.642.3.233",LOINCDiagnosticReportCodes,LOINC Diagnostic Report Codes,"This value set includes LOINC codes that relate to Diagnostic Observations.","StructureDefinition/fr-diagnostic-report-document,StructureDefinition/fr-diagnostic-report-bio-chapter-document","LOINC"
http://hl7.org/fhir/ValueSet/request-intent,4.0.1,draft,"2.16.840.1.113883.4.642.3.113",RequestIntent,RequestIntent,"Codes indicating the degree of authority/intentionality associated with a request.","StructureDefinition/fr-service-request-document,StructureDefinition/fr-service-request-imaging-document,StructureDefinition/fr-device-request-document","hl7.fhir.r4.core"
http://hl7.org/fhir/ValueSet/request-priority,4.0.1,draft,"2.16.840.1.113883.4.642.3.115",RequestPriority,Request priority,"The clinical priority of a diagnostic order.","StructureDefinition/fr-service-request-document,StructureDefinition/fr-medication-request-document,StructureDefinition/fr-service-request-imaging-document,StructureDefinition/fr-device-request-document,StructureDefinition/fr-task-patient-transport-document","hl7.fhir.r4.core"
http://hl7.org/fhir/ValueSet/request-status,4.0.1,draft,"2.16.840.1.113883.4.642.3.111",RequestStatus,RequestStatus,"Codes identifying the lifecycle stage of a request.","StructureDefinition/fr-care-plan-document,StructureDefinition/fr-service-request-document,StructureDefinition/fr-service-request-imaging-document,StructureDefinition/fr-device-request-document","hl7.fhir.r4.core"
http://hl7.org/fhir/ValueSet/resource-types,4.0.1,active,"2.16.840.1.113883.4.642.3.27",ResourceType,ResourceType,"One of the resource types defined as part of this version of FHIR.","StructureDefinition/fr-diagnostic-report-imaging-document,StructureDefinition/fr-diagnostic-report-document,StructureDefinition/fr-media-document,StructureDefinition/fr-diagnostic-report-bio-chapter-document,StructureDefinition/fr-encounter-document,StructureDefinition/fr-location-document,StructureDefinition/fr-composition-document","hl7.fhir.r4.core"
http://hl7.org/fhir/ValueSet/route-codes,4.0.1,draft,"2.16.840.1.113883.4.642.3.98",SNOMEDCTRouteCodes,SNOMED CT Route Codes,"This value set includes all Route codes from SNOMED CT - provided as an exemplar.","StructureDefinition/fr-allergy-intolerance-document,StructureDefinition/fr-medication-dispense-document","SCT"
http://hl7.org/fhir/ValueSet/search-entry-mode,4.0.1,active,"2.16.840.1.113883.4.642.3.622",SearchEntryMode,SearchEntryMode,"Why an entry is in the result set - whether it's included as a match or because of an _include requirement, or to convey information or warning information about the search process.","StructureDefinition/fr-bundle-document","hl7.fhir.r4.core"
http://hl7.org/fhir/ValueSet/security-labels,4.0.1,active,"2.16.840.1.113883.4.642.3.47",All Security Labels,SecurityLabels,"A single value set for all security labels defined by FHIR.","StructureDefinition/fr-advance-directive-document,StructureDefinition/fr-document-reference-document,StructureDefinition/fr-organization-document,StructureDefinition/fr-practitioner-document,StructureDefinition/fr-patient-ins-document,StructureDefinition/fr-practitionerRole-document,StructureDefinition/fr-encounter-document,StructureDefinition/fr-location-document,StructureDefinition/fr-encounter-care-document,StructureDefinition/fr-composition-document,StructureDefinition/fr-related-person-document,StructureDefinition/fr-patient-document",
http://hl7.org/fhir/ValueSet/security-role-type,4.0.1,draft,"2.16.840.1.113883.4.642.3.978",SecurityRoleType,SecurityRoleType,"This example FHIR value set is comprised of example Actor Type codes, which can be used to value FHIR agents, actors, and other role         elements such as those specified in financial transactions. The FHIR Actor value set is based on    DICOM Audit Message, C402;   ASTM Standard, E1762-95 [2013]; selected codes and          derived actor roles from HL7 RoleClass OID 2.16.840.1.113883.5.110;    HL7 Role Code 2.16.840.1.113883.5.111, including AgentRoleType;          HL7 ParticipationType OID: 2.16.840.1.113883.5.90; and    HL7 ParticipationFunction codes OID: 2.16.840.1.113883.5.88.           This value set includes, by reference, role codes from external code systems: NUCC Health Care Provider Taxonomy OID: 2.16.840.1.113883.6.101;          North American Industry Classification System [NAICS]OID: 2.16.840.1.113883.6.85; IndustryClassificationSystem 2.16.840.1.113883.1.11.16039;          and US Census Occupation Code OID: 2.16.840.1.113883.6.243 for relevant recipient or custodian codes not included in this value set.            If no source is indicated in the definition comments, then these are example FHIR codes.          It can be extended with appropriate roles described by SNOMED as well as those described in the HL7 Role Based Access Control Catalog and the          HL7 Healthcare (Security and Privacy) Access Control Catalog.            In Role-Based Access Control (RBAC), permissions are operations on an object that a user wishes to access. Permissions are grouped into roles.          A role characterizes the functions a user is allowed to perform. Roles are assigned to users. If the user's role has the appropriate permissions          to access an object, then that user is granted access to the object. FHIR readily enables RBAC, as FHIR Resources are object types and the CRUDE          events (the FHIR equivalent to permissions in the RBAC scheme) are operations on those objects.          In Attribute-Based Access Control (ABAC), a user requests to perform operations on objects. That user's access request is granted or denied          based on a set of access control policies that are specified in terms of attributes and conditions. FHIR readily enables ABAC, as instances of          a Resource in FHIR (again, Resources are object types) can have attributes associated with them. These attributes include security tags,          environment conditions, and a host of user and object characteristics, which are the same attributes as those used in ABAC. Attributes help          define the access control policies that determine the operations a user may perform on a Resource (in FHIR) or object (in ABAC). For example,          a tag (or attribute) may specify that the identified Resource (object) is not to be further disclosed without explicit consent from the patient.","StructureDefinition/fr-advance-directive-document","THO (V3),THO,DICOM"
http://hl7.org/fhir/ValueSet/series-performer-function,4.0.1,draft,"2.16.840.1.113883.4.642.3.989",ImagingStudySeriesPerformerFunction,ImagingStudy series performer function,"Performer function of an agent in an imaging study series","StructureDefinition/fr-imaging-study-document","THO (V3)"
http://hl7.org/fhir/ValueSet/service-type,4.0.1,draft,"2.16.840.1.113883.4.642.3.518",ServiceType,Service type,"This value set defines an example set of codes of service-types.","StructureDefinition/fr-encounter-document,StructureDefinition/fr-encounter-care-document","THO"
http://hl7.org/fhir/ValueSet/servicerequest-category,4.0.1,draft,"2.16.840.1.113883.4.642.3.434",ServiceRequestCategoryCodes,Service Request Category Codes,"An example value set of SNOMED CT concepts that can classify a requested service","StructureDefinition/fr-service-request-document,StructureDefinition/fr-service-request-imaging-document","SCT"
http://hl7.org/fhir/ValueSet/servicerequest-orderdetail,4.0.1,draft,"2.16.840.1.113883.4.642.3.435",ServiceRequestOrderDetailsCodes,Service Request Order Details Codes,"An example value set of Codified order entry details concepts.  These concepts only make sense in the context of what is being ordered.  This example is for a patient ventilation order","StructureDefinition/fr-service-request-document,StructureDefinition/fr-service-request-imaging-document","SCT"
http://hl7.org/fhir/ValueSet/specimen-collection-method,4.0.1,draft,"2.16.840.1.113883.4.642.3.468",FHIRSpecimenCollectionMethod,FHIR Specimen Collection Method," This example value set defines a set of codes that can be used to indicate the method by which a specimen was collected.","StructureDefinition/fr-specimen-document","SCT"
http://hl7.org/fhir/ValueSet/specimen-container-type,4.0.1,draft,"2.16.840.1.113883.4.642.3.470",SpecimenContainerType,Specimen Container Type,"Checks on the patient prior specimen collection. All SNOMED CT concepts descendants of 706041008 |Device for body fluid and tissue collection/transfer/processing (physical object)|","StructureDefinition/fr-specimen-document","SCT"
http://hl7.org/fhir/ValueSet/specimen-processing-procedure,4.0.1,draft,"2.16.840.1.113883.4.642.3.469",SpecimenProcessingProcedure,Specimen processing procedure,"The technique that is used to perform the process or preserve the specimen.","StructureDefinition/fr-specimen-document","THO (V2)"
http://hl7.org/fhir/ValueSet/specimen-status,4.0.1,draft,"2.16.840.1.113883.4.642.3.471",SpecimenStatus,SpecimenStatus,"Codes providing the status/availability of a specimen.","StructureDefinition/fr-specimen-document","hl7.fhir.r4.core"
http://hl7.org/fhir/ValueSet/task-intent,4.0.1,draft,"2.16.840.1.113883.4.642.3.1240",TaskIntent,TaskIntent,"Distinguishes whether the task is a proposal, plan or full order.","StructureDefinition/fr-task-patient-transport-document","hl7.fhir.r4.core"
http://hl7.org/fhir/ValueSet/task-status,4.0.1,draft,"2.16.840.1.113883.4.642.3.790",TaskStatus,TaskStatus,"The current status of the task.","StructureDefinition/fr-task-patient-transport-document","hl7.fhir.r4.core"
http://hl7.org/fhir/ValueSet/timing-abbreviation,4.0.1,draft,"2.16.840.1.113883.4.642.3.78",TimingAbbreviation,TimingAbbreviation,"Code for a known / defined timing pattern.","StructureDefinition/fr-medication-request-document,StructureDefinition/fr-device-request-document","THO (V3)"
http://hl7.org/fhir/ValueSet/ucum-vitals-common,4.0.1,draft,"2.16.840.1.113883.4.642.3.955",VitalSignsUnits,Vital Signs Units,"Common UCUM units for recording Vital Signs","StructureDefinition/fr-observation-vital-signs-panel-document","UCUM"
http://hl7.org/fhir/ValueSet/udi-entry-type,4.0.1,draft,"2.16.840.1.113883.4.642.3.211",UDIEntryType,UDIEntryType,"Codes to identify how UDI data was entered.","StructureDefinition/fr-device-auteur-document","hl7.fhir.r4.core"
http://hl7.org/fhir/ValueSet/units-of-time,4.0.1,active,"2.16.840.1.113883.4.642.3.77",UnitsOfTime,UnitsOfTime,"A unit of time (units from UCUM).","StructureDefinition/fr-medication-request-document,StructureDefinition/fr-device-request-document","UCUM"
http://hl7.org/fhir/ValueSet/vaccine-code,4.0.1,active,"2.16.840.1.113883.3.88.12.80.22",VaccineAdministeredValueSet,Vaccine Administered Value Set,"This identifies the vaccine substance administered - CVX codes.","StructureDefinition/fr-immunization-recommendation-document,StructureDefinition/fr-immunization-document","hl7.terminology.r5,Other"
http://terminology.hl7.org/ValueSet/ucum-units,1.0.0,active,"2.16.840.1.113883.4.642.3.912",UCUMCodes,UCUM Codes,"Unified Code for Units of Measure (UCUM). This value set includes all UCUM codes","StructureDefinition/fr-observation-vital-signs-document","UCUM"
http://terminology.hl7.org/ValueSet/v2-0092,3.0.0,active,"2.16.840.1.113883.21.40",Hl7VSReAdmissionIndicator,hl7VS-re-admissionIndicator,"Value Set of codes which are used to specify that a patient is being re-admitted to a healthcare facility from which they were discharged, and indicates the circumstances around such re-admission.","StructureDefinition/fr-encounter-document,StructureDefinition/fr-encounter-care-document","THO (V2)"
http://terminology.hl7.org/ValueSet/v2-0116,3.0.0,active,"2.16.840.1.113883.21.51",Hl7VSBedStatus,hl7VS-bedStatus,"Value Set of codes that specify the state of a bed in an inpatient setting, and is used to determine if a patient may be assigned to it or not.","StructureDefinition/fr-location-document","THO (V2)"
http://terminology.hl7.org/ValueSet/v2-0371,3.0.0,active,"2.16.840.1.113883.21.245",Hl7VSAdditivePreservative,hl7VS-additivePreservative,"Concepts specifying any additive introduced to the specimen before or at the time of collection.  These additives may be introduced in order to preserve, maintain or enhance the particular nature or component of the specimen.  Used in Version 2 messaging in the SPM segment.","StructureDefinition/fr-specimen-document","THO (V2)"
http://terminology.hl7.org/ValueSet/v2-0493,3.0.0,active,"2.16.840.1.113883.21.333",Hl7VSSpecimenCondition,hl7VS-specimenCondition,"Concepts of modes or states of being that describe the nature of a specimen.  Used in Version 2 messaging in the SPM segment.","StructureDefinition/fr-specimen-document","THO (V2)"
http://terminology.hl7.org/ValueSet/v2-0916,3.0.0,active,"2.16.840.1.113883.21.440",Hl7VSRelevantClincialInformation,hl7VS-relevantClincialInformation,"Value Set of codes that specify additional clinical information about the patient or specimen to report the supporting and/or suspected diagnosis and clinical findings on requests for interpreted diagnostic studies.","StructureDefinition/fr-specimen-document","THO (V2)"
http://terminology.hl7.org/ValueSet/v2-2.7-0360,0360,active,,v2.0360.2.7,v2 table 0360, Version 2.7,"FHIR Value set/code system definition for HL7 v2 table 0360 ver 2.9 ( Degree/License/Certificate)","StructureDefinition/fr-practitioner-document","THO (V2)"
http://terminology.hl7.org/ValueSet/v3-ActCode,3.0.0,active,,ActCode,v3 Code System ActCode,"A code specifying the particular kind of Act that the Act-instance represents within its class.  Constraints:  The kind of Act (e.g. physical examination, serum potassium, inpatient encounter, charge financial transaction, etc.) is specified with a code from one of several, typically external, coding systems.  The coding system will depend on the class of Act, such as LOINC for observations, etc. Conceptually, the Act.code must be a specialization of the Act.classCode. This is why the structure of ActClass domain should be reflected in the superstructure of the ActCode domain and then individual codes or externally referenced vocabularies subordinated under these domains that reflect the ActClass structure. Act.classCode and Act.code are not modifiers of each other but the Act.code concept should really imply the Act.classCode concept. For a negative example, it is not appropriate to use an Act.code ""potassium"" together with and Act.classCode for ""laboratory observation"" to somehow mean ""potassium laboratory observation"" and then use the same Act.code for ""potassium"" together with Act.classCode for ""medication"" to mean ""substitution of potassium"". This mutually modifying use of Act.code and Act.classCode is not permitted.","StructureDefinition/fr-document-reference-document,StructureDefinition/fr-composition-document","THO (V3)"
http://terminology.hl7.org/ValueSet/v3-ActEncounterCode,3.0.0,active,"2.16.840.1.113883.1.11.13955",ActEncounterCode,ActEncounterCode,"Domain provides codes that qualify the ActEncounterClass (ENC)","StructureDefinition/fr-encounter-document,StructureDefinition/fr-encounter-care-document","THO (V3)"
http://terminology.hl7.org/ValueSet/v3-ActPharmacySupplyType,3.0.0,active,"2.16.840.1.113883.1.11.16208",ActPharmacySupplyType,ActPharmacySupplyType,"Identifies types of dispensing events","StructureDefinition/fr-medication-dispense-document","THO (V3)"
http://terminology.hl7.org/ValueSet/v3-ActPriority,3.0.0,active,"2.16.840.1.113883.1.11.16866",ActPriority,ActPriority,"A code or set of codes (e.g., for routine, emergency,) specifying the urgency under which the Act happened, can happen, is happening, is intended to happen, or is requested/demanded to happen.    *Discussion:* This attribute is used in orders to indicate the ordered priority, and in event documentation it indicates the actual priority used to perform the act. In definition mood it indicates the available priorities.","StructureDefinition/fr-encounter-document,StructureDefinition/fr-encounter-care-document","THO (V3)"
http://terminology.hl7.org/ValueSet/v3-ActSubstanceAdminSubstitutionCode,3.0.0,active,"2.16.840.1.113883.1.11.16621",ActSubstanceAdminSubstitutionCode,ActSubstanceAdminSubstitutionCode,"***No description***","StructureDefinition/fr-medication-request-document,StructureDefinition/fr-medication-dispense-document","THO (V3)"
http://terminology.hl7.org/ValueSet/v3-ConfidentialityClassification,2014-03-26,active,"2.16.840.1.113883.1.11.10228",v3.ConfidentialityClassification,V3 Value SetConfidentialityClassification," Set of codes used to value Act.Confidentiality and Role.Confidentiality attribute in accordance with the definition for concept domain ""Confidentiality"".","StructureDefinition/fr-composition-document","THO (V3)"
http://terminology.hl7.org/ValueSet/v3-ParticipationFunction,3.0.0,active,"2.16.840.1.113883.1.11.10267",ParticipationFunction,ParticipationFunction,"This code is used to specify the exact function an actor had in a service in all necessary detail. This domain may include local extensions (CWE).","StructureDefinition/fr-composition-document","THO (V3)"
http://terminology.hl7.org/ValueSet/v3-PurposeOfUse,3.1.0,active,"2.16.840.1.113883.1.11.20448",PurposeOfUse,PurposeOfUse,"Supports communication of purpose of use at a general level.","StructureDefinition/fr-advance-directive-document","THO (V3)"
http://terminology.hl7.org/ValueSet/v3-ServiceDeliveryLocationRoleType,3.0.0,active,"2.16.840.1.113883.1.11.17660",ServiceDeliveryLocationRoleType,ServiceDeliveryLocationRoleType,"A role of a place that further classifies the setting (e.g., accident site, road side, work site, community location) in which services are delivered.","StructureDefinition/fr-service-request-document,StructureDefinition/fr-service-request-imaging-document","THO (V3)"
http://terminology.hl7.org/ValueSet/v3-SubstanceAdminSubstitutionReason,3.0.0,active,"2.16.840.1.113883.1.11.19377",SubstanceAdminSubstitutionReason,SubstanceAdminSubstitutionReason,"***No description***","StructureDefinition/fr-medication-request-document,StructureDefinition/fr-medication-dispense-document","THO (V3)"
https://hl7.fr/ig/fhir/core/ValueSet/fr-core-vs-encounter-discharge-disposition,2.1.0,active,,FRCoreValueSetEncounterDischargeDisposition,FR Core ValueSet Encounter discharge disposition,"This value set defines a set of codes that can be used to where the patient left the hospital | Circonstances de sortie de l'hôpital.","StructureDefinition/fr-encounter-care-document","hl7.fhir.fr.core,THO"
https://hl7.fr/ig/fhir/core/ValueSet/fr-core-vs-encounter-identifier-type,2.1.0,active,,FRCoreValueSetEncounterIdentifierType,FR Core ValueSet Encounter identifier type,"A coded type for an identifier that can be used to determine which identifier to use for a specific purpose (Encounters).","StructureDefinition/fr-encounter-document,StructureDefinition/fr-encounter-care-document","hl7.fhir.fr.core"
https://hl7.fr/ig/fhir/core/ValueSet/fr-core-vs-encounter-type,2.1.0,active,,FRCoreValueSetEncounterType,FR Core ValueSet Encounter type,"A coded type for an encounter | Jeu de valeurs des types de rencontre.","StructureDefinition/fr-encounter-document,StructureDefinition/fr-encounter-care-document","THO (V2),hl7.fhir.fr.core"
https://hl7.fr/ig/fhir/core/ValueSet/fr-core-vs-location-identifier-type,2.1.0,active,,FRCoreValueSetLocationIdentifierType,FR Core ValueSet Location identifier type,"A coded type for a location | Jeu de valeurs des types d'identifiant de lieu.","StructureDefinition/fr-location-document","hl7.fhir.fr.core"
https://hl7.fr/ig/fhir/core/ValueSet/fr-core-vs-location-physical-type,2.1.0,active,,FRCoreValueSetLocationPhysicalType,FR Core ValueSet Location physical type,"French location physical type | Types de lieux physiques pour la France","StructureDefinition/fr-encounter-document,StructureDefinition/fr-location-document,StructureDefinition/fr-encounter-care-document","hl7.fhir.fr.core"
https://hl7.fr/ig/fhir/core/ValueSet/fr-core-vs-location-type,2.1.0,active,,FRCoreValueSetLocationType,FR Core ValueSet Location type,"A role for a location | Jeu de valeurs du rôle joué par un lieu","StructureDefinition/fr-location-document","hl7.fhir.fr.core"
https://hl7.fr/ig/fhir/core/ValueSet/fr-core-vs-marital-status,2.1.0,active,,FRCoreValueSetMaritalStatus,FR Core ValueSet Patient gender INS ValueSet,"Patient Gender for INS : male | female | unknown","StructureDefinition/fr-patient-ins-document,StructureDefinition/fr-patient-document","THO (V3),hl7.fhir.fr.core"
https://hl7.fr/ig/fhir/core/ValueSet/fr-core-vs-organization-type,2.1.0,active,,FRCoreValueSetOrganizationType,FR Core ValueSet Organization type,"Organization types | Types de structures","StructureDefinition/fr-organization-document","hl7.fhir.fr.core"
https://hl7.fr/ig/fhir/core/ValueSet/fr-core-vs-patient-contact-role,2.1.0,active,,FRCoreValueSetPatientContactRole,FR Core ValueSet Patient contact role,"ValueSet patient contact role","StructureDefinition/fr-related-person-document,StructureDefinition/fr-patient-document","ans.fr.terminologies,THO (V2)"
https://hl7.fr/ig/fhir/core/ValueSet/fr-core-vs-patient-gender-INS,2.1.0,active,,FRCoreValueSetPatientGenderINS,FR Core ValueSet Patient gender INS ValueSet,"Patient Gender for INS : male | female | unknown","StructureDefinition/fr-patient-ins-document","hl7.fhir.r4.core"
https://hl7.fr/ig/fhir/core/ValueSet/fr-core-vs-patient-identifier-type,2.1.0,active,,FRCoreValueSetPatientIdentifierType,FR Core ValueSet Patient identifier type,"A coded type for an identifier that can be used to determine which identifier to use for a specific purpose (identification of a patient).","StructureDefinition/fr-patient-document","THO (V2),hl7.fhir.fr.core"
https://hl7.fr/ig/fhir/core/ValueSet/fr-core-vs-practitioner-role-exercice,2.1.0,active,,FRCoreValueSetPractitionerRoleExercice,FR Core ValueSet PractitionerRole Exercice,"The exercice(s) of the practitioner.","StructureDefinition/fr-practitionerRole-document","ans.fr.terminologies"
https://hl7.fr/ig/fhir/core/ValueSet/fr-core-vs-practitioner-specialty,2.1.0,active,,FRCoreValueSetPractitionerSpecialty,FR Core ValueSet Practitioner specialty,"The modalities of exercice of the practitioner, registered by an official organization for a period of time.","StructureDefinition/fr-practitionerRole-document","ans.fr.terminologies"
https://hl7.fr/ig/fhir/core/ValueSet/fr-core-vs-relation-type,2.1.0,active,,FRCoreValueSetPatientRelationType,FR Core ValueSet relation type,"ValueSet relation type","StructureDefinition/fr-patient-document","ans.fr.terminologies"
https://interop.esante.gouv.fr/ig/fhir/annuaire/ValueSet/as-vs-organization-types,1.1.0,active,,AsVsOrganizationTypes,AS ValueSet OrganizationTypes,"ValueSet définissant les types d'organisation","StructureDefinition/fr-organization-document","ans.fhir.fr.annuaire"
https://interop.esante.gouv.fr/ig/fhir/annuaire/ValueSet/as-vs-type-etablissement,1.1.0,active,,AsVsTypeEtablissement,AS ValueSet type Etablissement,"ValueSet définissant les types d'établissement.","StructureDefinition/fr-organization-document","ans.fhir.fr.annuaire"
https://interop.esante.gouv.fr/ig/fhir/document-core/ValueSet/fr-doc-vs-participation-type,0.1.0,draft,,FRValueSetParticipationType,FR ValueSet Participation Type,"Type de participation : destinataire","StructureDefinition/fr-composition-document","THO (V3)"
https://interop.esante.gouv.fr/ig/fhir/document-core/ValueSet/fr-doc-vs-role-prise-charge,0.1.0,draft,,FRValueSetRolePriseCharge,Fr ValueSet RolePriseCharge,"Pour les professions 41 (Assistant de service social) et 99 (Acteur caractérisé par son rôle).","StructureDefinition/fr-practitioner-document","ans.fr.terminologies"
https://interop.esante.gouv.fr/ig/fhir/document-core/ValueSet/fr-vs-actor-type-document,0.1.0,draft,,FRValueSetActorTypeDocument,ValueSet - FR ValueSet Actor Type Document,"Jeu de valeurs pour les types d'acteurs.","StructureDefinition/fr-condition-document,StructureDefinition/fr-observation-multiresistant-microorganism-document,StructureDefinition/fr-observation-work-related-accident-document,StructureDefinition/fr-immunization-document,StructureDefinition/fr-procedure-imaging-document,StructureDefinition/fr-observation-vital-signs-panel-document,StructureDefinition/fr-observation-administration-blood-derivatives-document,StructureDefinition/fr-observation-transfusion-accidents-document,StructureDefinition/fr-observation-result-document,StructureDefinition/fr-actor-extension,StructureDefinition/fr-diagnostic-report-bio-chapter-document,StructureDefinition/fr-device-use-statement-document,StructureDefinition/fr-family-member-history-document,StructureDefinition/fr-observation-pregnancy-document,StructureDefinition/fr-observation-medical-summary-document,StructureDefinition/fr-diagnostic-report-imaging-document,StructureDefinition/fr-observation-survey-document,StructureDefinition/fr-service-request-document,StructureDefinition/fr-observation-blood-product-transfusion-document,StructureDefinition/fr-media-document,StructureDefinition/fr-procedure-document,StructureDefinition/fr-observation-contra-indications-document,StructureDefinition/fr-observation-microorganism-detection-document,StructureDefinition/fr-service-request-imaging-document,StructureDefinition/fr-diagnostic-report-document,StructureDefinition/fr-encounter-document,StructureDefinition/fr-observation-laboratory-report-results-document,StructureDefinition/fr-observation-vital-signs-document","THO (V3)"
https://interop.esante.gouv.fr/ig/fhir/document-core/ValueSet/fr-vs-allergy-code,0.1.0,draft,,FRValueSetAllergyCodeDocument,ValueSet – FR ValueSet Allergy Code Document,"Jeu de valeurs permettant de coder l’agent responsable d’une allergie : - Médicaments : CIP ou UCD - Substances : SMS - Aliments : CIM-11 Chapitre X Extensions – Allergènes ou substances non médicinales - Agents environnementaux ou physiques : idem CIM-11 Chapitre X Extensions - Allergènes pouvant induire une contre-indication vaccinale : jdv-allergie-vaccin-cisis","StructureDefinition/fr-allergy-intolerance-document","ans.fr.terminologies,hl7.terminology.r5,Other"
https://interop.esante.gouv.fr/ig/fhir/document-core/ValueSet/fr-vs-allergy-intolerance-type-document,0.1.0,draft,,FRValueSetAllergyInoleranceTypeDocument,ValueSet - FR ValueSet Allergy Intolerance Type Document,"ValueSet contenant les codes SNOMED CT autorisés pour les types d'allergies et d'intolérances","StructureDefinition/fr-allergy-intolerance-document","SCT,hl7.fhir.r4.core"
https://interop.esante.gouv.fr/ig/fhir/document-core/ValueSet/fr-vs-allergy-substance,0.1.0,draft,,FRValueSetAllergySubstanceDocument,ValueSet – FR ValueSet Allergy Substance Document,"Jeu de valeurs permettant de coder la substance responsable d’une allergie","StructureDefinition/fr-allergy-intolerance-document","ans.fr.terminologies"
https://interop.esante.gouv.fr/ig/fhir/document-core/ValueSet/fr-vs-edqm-document,0.1.0,draft,,FRValueSetEDQMDocument,ValueSet - FR ValueSet EDQM Document,"ValueSet basé sur le CodeSystem EDQM fourni par SMT.","StructureDefinition/fr-medication-request-document,StructureDefinition/fr-medication-administration-document,StructureDefinition/fr-medication-statement-document,StructureDefinition/fr-medication-dispense-document","ans.fr.terminologies"
https://interop.esante.gouv.fr/ig/fhir/document-core/ValueSet/fr-vs-edqm-form-document,0.1.0,draft,,FRValueSetEDQMFormDocument,ValueSet - FR ValueSet EDQM Form Document,"ValueSet basé sur le CodeSystem EDQM fourni par SMT. classe PDF (forme galénique).","StructureDefinition/fr-medication-document","ans.fr.terminologies"
https://interop.esante.gouv.fr/ig/fhir/document-core/ValueSet/fr-vs-evaluation-type,0.1.0,draft,,FRValueSetEvaluationTypeDocument,ValueSet – FR ValueSet Type d'évaluation,"Codes autorisés pour indiquer le type d'évaluation. Inclut LOINC, ICF, et permet d'autres systèmes si aucun code approprié n'est trouvé.","StructureDefinition/fr-observation-survey-document","LOINC,hl7.terminology.r5"
https://interop.esante.gouv.fr/ig/fhir/document-core/ValueSet/fr-vs-location-body-structure-document,0.1.0,draft,,FRValueSetLocationBodyStructureDocument,ValueSet – FR ValueSet Localisation anatomique et voie d'abord,"Codes SNOMED CT autorisés pour décrire une localisation anatomique ou une voie d'abord. Inclut : - Les structures anatomiques pour body site : http://hl7.org/fhir/ValueSet/body-site - Les structures anatomiques pour voie d'abord (approach-site-codes) : http://hl7.org/fhir/ValueSet/approach-site-codes","StructureDefinition/fr-body-structure-document",
https://interop.esante.gouv.fr/ig/fhir/document-core/ValueSet/fr-vs-medication-translation-document,0.1.0,draft,,FRValueSetMedicationTranslationDocument,ValueSet - FR ValueSet Medication Translation Document,"Systèmes autorisés pour les autres codifications.","StructureDefinition/fr-medication-document,StructureDefinition/fr-immunization-recommendation-document,StructureDefinition/fr-immunization-document","ans.fr.terminologies,Other"
https://interop.esante.gouv.fr/ig/fhir/document-core/ValueSet/fr-vs-procedure-code,0.1.0,draft,,FRValueSetProcedureCodeDocument,ValueSet – FR ValueSet Codes d’actes,"Codes autorisés pour indiquer un acte. Inclut : - Terminologie CCAM - NCIT (code C25218 : 'Intervention') si l'acte n'est pas trouvé dans CCAM - CISIS jdv-absent-or-unknown-procedure-cisis pour actes chirurgicaux inconnus ou absents.  Si aucun code approprié n’est disponible, l’acte peut être décrit en texte libre.","StructureDefinition/fr-procedure-document","ans.fr.terminologies,hl7.terminology.r5"
https://interop.esante.gouv.fr/ig/fhir/document-core/ValueSet/fr-vs-vaccine-code-cis,0.1.0,draft,,FRValueSetVaccineCodeCISDocument,ValueSet – FR ValueSet Codes vaccins CIS (BDPM),"Codes issus de la Base de Données Publique des Médicaments (BDPM) pour identifier les vaccins par leur code CIS.","StructureDefinition/fr-immunization-recommendation-document,StructureDefinition/fr-immunization-document","ans.fr.terminologies"
https://mos.esante.gouv.fr/NOS/JDV_J02-XdsHealthcareFacilityTypeCode-CISIS/FHIR/JDV-J02-XdsHealthcareFacilityTypeCode-CISIS,20260223120000,active,"1.2.250.1.213.1.1.5.466",JDV_J02_XdsHealthcareFacilityTypeCode_CISIS,,"XDS healthcareFacilityTypeCode CI-SIS","StructureDefinition/fr-location-document","ans.fr.terminologies"
https://mos.esante.gouv.fr/NOS/JDV_J04-XdsPracticeSettingCode-CISIS/FHIR/JDV-J04-XdsPracticeSettingCode-CISIS,20240927120000,active,"1.2.250.1.213.1.1.5.467",JDV_J04_XdsPracticeSettingCode_CISIS,,"XDS practiceSettingCode CI-SIS","StructureDefinition/fr-organization-document","ans.fr.terminologies"
https://mos.esante.gouv.fr/NOS/JDV_J100-FinessStatutJuridique-RASS/FHIR/JDV-J100-FinessStatutJuridique-RASS,20200424120000,active,"1.2.250.1.213.1.6.1.168",JDV_J100_FinessStatutJuridique_RASS,,"Statut juridique FINESS dans le RASS","StructureDefinition/fr-organization-document","ans.fr.terminologies"
https://mos.esante.gouv.fr/NOS/JDV_J101-SecteurActivite-RASS/FHIR/JDV-J101-SecteurActivite-RASS,20260223120000,active,"1.2.250.1.213.1.6.1.169",JDV_J101_SecteurActivite_RASS,,"Secteurs d'activité des établissements avec la même activité dans le RASS","StructureDefinition/fr-organization-document","ans.fr.terminologies"
https://mos.esante.gouv.fr/NOS/JDV_J105-EnsembleDiplome-RASS/FHIR/JDV-J105-EnsembleDiplome-RASS,20260223120000,active,"1.2.250.1.213.1.6.1.173",JDV_J105_EnsembleDiplome_RASS,,"Ensemble des diplômes et qualifications du RASS","StructureDefinition/fr-practitioner-document","ans.fr.terminologies"
https://mos.esante.gouv.fr/NOS/JDV_J106-EnsembleProfession-RASS/FHIR/JDV-J106-EnsembleProfession-RASS,20260330120000,active,"1.2.250.1.213.1.6.1.174",JDV_J106_EnsembleProfession_RASS,,"Ensemble des professions du RASS","StructureDefinition/fr-practitioner-document","ans.fr.terminologies"
https://mos.esante.gouv.fr/NOS/JDV_J107-EnsembleSavoirFaire-RASS/FHIR/JDV-J107-EnsembleSavoirFaire-RASS,20251222120000,active,"1.2.250.1.213.1.6.1.175",JDV_J107_EnsembleSavoirFaire_RASS,,"Ensemble des savoir-faire et compétences du RASS","StructureDefinition/fr-practitioner-document","ans.fr.terminologies"
https://mos.esante.gouv.fr/NOS/JDV_J108-EnsembleFonction-RASS/FHIR/JDV-J108-EnsembleFonction-RASS,20260505120000,active,"1.2.250.1.213.1.6.1.176",JDV_J108_EnsembleFonction_RASS,,"Ensemble des fonctions et rôles du RASS","StructureDefinition/fr-practitionerRole-document","ans.fr.terminologies"
https://mos.esante.gouv.fr/NOS/JDV_J11-RelationPatient-CISIS/FHIR/JDV-J11-RelationPatient-CISIS,20200424120000,active,"1.2.250.1.213.3.3.16",JDV_J11_RelationPatient_CISIS,,"Relation par rapport au patient - CI-SIS","StructureDefinition/fr-patient-ins-document,StructureDefinition/fr-related-person-document","ans.fr.terminologies"
https://mos.esante.gouv.fr/NOS/JDV_J128-TypeCarte-RASS/FHIR/JDV-J128-TypeCarte-RASS,20201127120000,active,"1.2.250.1.213.1.6.1.214",JDV_J128_TypeCarte_RASS,,"Type de carte dans le RASS","StructureDefinition/fr-practitioner-document","ans.fr.terminologies"
https://mos.esante.gouv.fr/NOS/JDV_J129-CategorieEtablissement-RASS/FHIR/JDV-J129-CategorieEtablissement-RASS,20260223120000,retired,"1.2.250.1.213.1.6.1.215",JDV_J129_CategorieEtablissement_RASS,,"Catégorie d'établissement du RASS","StructureDefinition/fr-organization-document","ans.fr.terminologies"
https://mos.esante.gouv.fr/NOS/JDV_J140-EncounterParticipationType-CISIS/FHIR/JDV-J140-EncounterParticipationType-CISIS,20210326120000,active,"1.2.250.1.213.1.1.5.528",JDV_J140_EncounterParticipationType_CISIS,,"JDV_J140-EncounterParticipationType-CISIS","StructureDefinition/fr-encounter-care-document","ans.fr.terminologies"
https://mos.esante.gouv.fr/NOS/JDV_J141-RoleClass-CISIS/FHIR/JDV-J141-RoleClass-CISIS,20210326120000,active,"1.2.250.1.213.1.1.5.588",JDV_J141_RoleClass_CISIS,,"RoleClassAssociative CI-SIS","StructureDefinition/fr-practitionerRole-document","ans.fr.terminologies"
https://mos.esante.gouv.fr/NOS/JDV_J144-ParticipationType-CISIS/FHIR/JDV-J144-ParticipationType-CISIS,20210326120000,active,"1.2.250.1.213.1.1.5.591",JDV_J144_ParticipationType_CISIS,,"Type de participation CI-SIS","StructureDefinition/fr-practitionerRole-document,StructureDefinition/fr-composition-document","ans.fr.terminologies"
https://mos.esante.gouv.fr/NOS/JDV_J162-ESPIC-RASS/FHIR/JDV-J162-ESPIC-RASS,20210528120000,active,"1.2.250.1.213.1.6.1.226",JDV_J162_ESPIC_RASS,,"Etablissement de santé privée d'intérêt collectif dans le RASS","StructureDefinition/fr-organization-document","ans.fr.terminologies"
https://mos.esante.gouv.fr/NOS/JDV_J245-Civilite-CISIS/FHIR/JDV-J245-Civilite-CISIS,20230331120000,active,"1.2.250.1.213.1.1.5.718",JDV_J245_Civilite_CISIS,,"Civilités CI-SIS","StructureDefinition/fr-human-name-document,StructureDefinition/fr-related-person-document","ans.fr.terminologies"
https://mos.esante.gouv.fr/NOS/JDV_J246-Titre-CISIS/FHIR/JDV-J246-Titre-CISIS,20240126120000,active,"1.2.250.1.213.1.1.5.719",JDV_J246_Titre_CISIS,,"Civilités CI-SIS","StructureDefinition/fr-human-name-document,StructureDefinition/fr-related-person-document","ans.fr.terminologies"
https://mos.esante.gouv.fr/NOS/JDV_J47-FunctionCode-CISIS/FHIR/JDV-J47-FunctionCode-CISIS,20250523120000,active,"1.2.250.1.213.1.1.5.124",JDV_J47_FunctionCode_CISIS,,"Rôles fonctionnels","StructureDefinition/fr-practitionerRole-document,StructureDefinition/fr-composition-document","ans.fr.terminologies"
https://mos.esante.gouv.fr/NOS/JDV_J73-MetierPharmacien-RASS/FHIR/JDV-J73-MetierPharmacien-RASS,20210528120000,active,"1.2.250.1.213.1.6.1.141",JDV_J73_MetierPharmacien_RASS,,"Ensemble des sections et sous-sections du tableau du CNOP dans le RASS","StructureDefinition/fr-practitionerRole-document","ans.fr.terminologies"
https://mos.esante.gouv.fr/NOS/JDV_J75-TypeAutorisation-RASS/FHIR/JDV-J75-TypeAutorisation-RASS,20250523120000,active,"1.2.250.1.213.1.6.1.143",JDV_J75_TypeAutorisation_RASS,,"Type d'autorisation d'exercice pour accès à l'exercice de la profession du RASS","StructureDefinition/fr-practitioner-document","ans.fr.terminologies"
https://mos.esante.gouv.fr/NOS/JDV_J76-DisciplineAutorisation-RASS/FHIR/JDV-J76-DisciplineAutorisation-RASS,20200424120000,active,"1.2.250.1.213.1.6.1.144",JDV_J76_DisciplineAutorisation_RASS,,"Discipline à laquelle l'autorisation d'exercice est restreinte dans le RASS","StructureDefinition/fr-practitioner-document","ans.fr.terminologies"
https://mos.esante.gouv.fr/NOS/JDV_J78-Civilite-RASS/FHIR/JDV-J78-Civilite-RASS,20221216120000,active,"1.2.250.1.213.1.6.1.146",JDV_J78_Civilite_RASS,,"Civilités des personnes physiques du RASS","StructureDefinition/fr-practitioner-document","ans.fr.terminologies"
https://mos.esante.gouv.fr/NOS/JDV_J79-CiviliteExercice-RASS/FHIR/JDV-J79-CiviliteExercice-RASS,20200424120000,active,"1.2.250.1.213.1.6.1.147",JDV_J79_CiviliteExercice_RASS,,"Civilités d'exercice d'un professionnel du RASS","StructureDefinition/fr-practitioner-document","ans.fr.terminologies"
https://mos.esante.gouv.fr/NOS/JDV_J81-TypeDiplome-RASS/FHIR/JDV-J81-TypeDiplome-RASS,20230526120000,active,"1.2.250.1.213.1.6.1.149",JDV_J81_TypeDiplome_RASS,,"Types de diplôme du RASS","StructureDefinition/fr-practitioner-document","ans.fr.terminologies"
https://mos.esante.gouv.fr/NOS/JDV_J82-Langue-RASS/FHIR/JDV-J82-Langue-RASS,20240927120000,active,"1.2.250.1.213.1.6.1.150",JDV_J82_Langue_RASS,,"Langues (codes ISO-639) des professionnels du RASS","StructureDefinition/fr-practitioner-document","ans.fr.terminologies"
https://mos.esante.gouv.fr/NOS/JDV_J83-AutoriteEnregistrement-RASS/FHIR/JDV-J83-AutoriteEnregistrement-RASS,20240628120000,active,"1.2.250.1.213.1.6.1.151",JDV_J83_AutoriteEnregistrement_RASS,,"Autorités d'enregistrement des acteurs de santé du RASS","StructureDefinition/fr-practitioner-document","ans.fr.terminologies"
https://mos.esante.gouv.fr/NOS/JDV_J84-DepartementOM-RASS/FHIR/JDV-J84-DepartementOM-RASS,20240126120000,retired,"1.2.250.1.213.1.6.1.152",JDV_J84_DepartementOM_RASS,,"Départements (outre-mer et Monaco inclus) pour le RASS","StructureDefinition/fr-practitioner-document","ans.fr.terminologies"
https://mos.esante.gouv.fr/NOS/JDV_J85-StatutInscription-RASS/FHIR/JDV-J85-StatutInscription-RASS,20200424120000,active,"1.2.250.1.213.1.6.1.153",JDV_J85_StatutInscription_RASS,,"Statut avancement dossier de référencement personne du RASS auprès d'un ordre","StructureDefinition/fr-practitioner-document","ans.fr.terminologies"
https://mos.esante.gouv.fr/NOS/JDV_J86-NatCycleForm-RASS/FHIR/JDV-J86-NatCycleForm-RASS,20200424120000,active,"1.2.250.1.213.1.6.1.154",JDV_J86_NatCycleForm_RASS,,"Natures du cycle de formation des professionnels du RASS","StructureDefinition/fr-practitioner-document","ans.fr.terminologies"
https://mos.esante.gouv.fr/NOS/JDV_J87-NiveauFormAcquis-RASS/FHIR/JDV-J87-NiveauFormAcquis-RASS,20200424120000,active,"1.2.250.1.213.1.6.1.155",JDV_J87_NiveauFormAcquis_RASS,,"Niveau de formation acquis dans le cycle de formation des professionnels du RASS","StructureDefinition/fr-practitioner-document","ans.fr.terminologies"
https://mos.esante.gouv.fr/NOS/JDV_J88-AnneeUniversitaire-RASS/FHIR/JDV-J88-AnneeUniversitaire-RASS,20251016120000,active,"1.2.250.1.213.1.6.1.156",JDV_J88_AnneeUniversitaire_RASS,,"Années universitaires des professionnels du RASS","StructureDefinition/fr-practitioner-document","ans.fr.terminologies"
https://mos.esante.gouv.fr/NOS/JDV_J89-CategorieProfessionnelle-RASS/FHIR/JDV-J89-CategorieProfessionnelle-RASS,20260223120000,active,"1.2.250.1.213.1.6.1.157",JDV_J89_CategorieProfessionnelle_RASS,,"Catégories professionnelles dans le RASS","StructureDefinition/fr-practitioner-document","ans.fr.terminologies"
https://mos.esante.gouv.fr/NOS/JDV_J91-TypeSavoirFaire-RASS/FHIR/JDV-J91-TypeSavoirFaire-RASS,20251016120000,active,"1.2.250.1.213.1.6.1.159",JDV_J91_TypeSavoirFaire_RASS,,"Types de savoir-faire des professionnels du RASS","StructureDefinition/fr-practitioner-document","ans.fr.terminologies"
https://mos.esante.gouv.fr/NOS/JDV_J94-GenreActivite-RASS/FHIR/JDV-J94-GenreActivite-RASS,20240329120000,active,"1.2.250.1.213.1.6.1.162",JDV_J94_GenreActivite_RASS,,"Activités des professionnels RASS nécessitant des règles de gestion spécifiques","StructureDefinition/fr-practitionerRole-document","ans.fr.terminologies"
https://mos.esante.gouv.fr/NOS/JDV_J95-ModeExercice-RASS/FHIR/JDV-J95-ModeExercice-RASS,20260202120000,active,"1.2.250.1.213.1.6.1.163",JDV_J95_ModeExercice_RASS,,"Modes d'exercice du professionnel du RASS","StructureDefinition/fr-practitionerRole-document","ans.fr.terminologies"
https://mos.esante.gouv.fr/NOS/JDV_J96-TypeActiviteLiberale-RASS/FHIR/JDV-J96-TypeActiviteLiberale-RASS,20200424120000,active,"1.2.250.1.213.1.6.1.164",JDV_J96_TypeActiviteLiberale_RASS,,"Types d'activité libérale des professionnels du RASS","StructureDefinition/fr-practitionerRole-document","ans.fr.terminologies"
https://mos.esante.gouv.fr/NOS/JDV_J97-StatutProfessionnelSSA-RASS/FHIR/JDV-J97-StatutProfessionnelSSA-RASS,20200424120000,active,"1.2.250.1.213.1.6.1.165",JDV_J97_StatutProfessionnelSSA_RASS,,"Statuts des professionnels du Service de Santé des Armées dans le RASS","StructureDefinition/fr-practitionerRole-document","ans.fr.terminologies"
https://mos.esante.gouv.fr/NOS/JDV_J98-StatutHospitalier-RASS/FHIR/JDV-J98-StatutHospitalier-RASS,20260223120000,active,"1.2.250.1.213.1.6.1.166",JDV_J98_StatutHospitalier_RASS,,"Statut des professionnels intervenant dans un hôpital dans le RASS","StructureDefinition/fr-practitionerRole-document","ans.fr.terminologies"
https://mos.esante.gouv.fr/NOS/JDV_J99-InseeNAFrav2Niveau5-RASS/FHIR/JDV-J99-InseeNAFrav2Niveau5-RASS,20260223120000,retired,"1.2.250.1.213.1.6.1.167",JDV_J99_InseeNAFrav2Niveau5_RASS,,"Sous-classes de la Nomenclature Activités Française (INSEE) des prof du RASS","StructureDefinition/fr-organization-document","ans.fr.terminologies"
https://smt.esante.gouv.fr/fhir/ValueSet/jdv-absent-or-unknown-procedure-cisis,20260619134042,active,"1.2.250.1.213.1.1.5.665",JdvAbsentOrUnknownProcedureCisis,JDV Absent Or Unknown Procedure CISIS,"JDV Absent Or Unknown Procedure CISIS","ValueSet/fr-vs-procedure-code","hl7.fhir.uv.ips"
https://smt.esante.gouv.fr/fhir/ValueSet/jdv-allergie-vaccin-cisis,20260619134043,active,"1.2.250.1.213.1.1.5.100",JdvAllergieVaccinCisis,JDV Allergie Vaccin CISIS,"JDV Allergie Vaccin CISIS","ValueSet/fr-vs-allergy-code","SCT,hl7.terminology.r5"
https://smt.esante.gouv.fr/fhir/ValueSet/jdv-code-document-imagerie-cisis,20260619134041,active,"1.2.250.1.213.1.1.5.687",JdvCodeDocumentImagerieCisis,JDV Code Document Imagerie CISIS,"JDV Code Document Imagerie CISIS","StructureDefinition/fr-diagnostic-report-imaging-document,StructureDefinition/fr-procedure-imaging-document","LOINC"
https://smt.esante.gouv.fr/fhir/ValueSet/jdv-code-probleme-cisis,20260619134043,active,"1.2.250.1.213.1.1.5.172",JdvCodeProblemeCisis,JDV Code Probleme CISIS,"JDV Code Probleme CISIS","StructureDefinition/fr-condition-document,StructureDefinition/fr-family-member-history-document","SCT"
https://smt.esante.gouv.fr/fhir/ValueSet/jdv-completude-dispensation-cisis,20260619134041,active,"1.2.250.1.213.1.1.5.765",JdvCompletudeDispensationCisis,JDV Completude Dispensation CISIS,"JDV Completude Dispensation CISIS","StructureDefinition/fr-medication-dispense-document","THO (V3)"
https://smt.esante.gouv.fr/fhir/ValueSet/jdv-contre-indication-cisis,20260619134041,active,"1.2.250.1.213.1.1.5.659",JdvContrindicationCisis,JDV Contrindication CISIS,"JDV Contrindication CISIS","StructureDefinition/fr-observation-contra-indications-document","ans.fr.terminologies,SCT,hl7.terminology.r5"
https://smt.esante.gouv.fr/fhir/ValueSet/jdv-difficulte-cisis,20260420150251,active,"1.2.250.1.213.1.1.5.494",JdvDifficulteCisis,JDV Difficulte CISIS,"JDV Difficulte CISIS","StructureDefinition/fr-procedure-difficulty-extension","SCT"
https://smt.esante.gouv.fr/fhir/ValueSet/jdv-evaluation-douleur-cisis,20260619134043,active,"1.2.250.1.213.1.1.5.499",JdvEvaluationDouleurCisis,JDV Evaluation Douleur CISIS,"JDV Evaluation Douleur CISIS","StructureDefinition/fr-observation-pain-score-document","ans.fr.terminologies,SCT"
https://smt.esante.gouv.fr/fhir/ValueSet/jdv-evolution-cisis,20260619134042,active,"1.2.250.1.213.1.1.5.788",JdvEvolutionCisis,JDV Evolution CISIS,"JDV Evolution CISIS","StructureDefinition/fr-adverse-event-document","ans.fr.terminologies,SCT"
https://smt.esante.gouv.fr/fhir/ValueSet/jdv-gravite-cisis,20260619134042,active,"1.2.250.1.213.1.1.5.787",JdvGraviteCisis,JDV Gravite CISIS,"JDV Gravite CISIS","StructureDefinition/fr-adverse-event-document","ans.fr.terminologies,SCT"
https://smt.esante.gouv.fr/fhir/ValueSet/jdv-health-status-code-cisis,20260619134042,active,"1.2.250.1.213.1.1.4.2.283.1",JdvHealthStatusCodeCisis,JDV Health Status Code CISIS,"JDV Health Status Code CISIS","StructureDefinition/fr-condition-document","SCT"
https://smt.esante.gouv.fr/fhir/ValueSet/jdv-hl7-v3-ActPriority-cisis,20260619134042,active,"2.16.840.1.113883.1.11.16866",ActPriority,ActPriority,"ActPriority","StructureDefinition/fr-procedure-priority-extension","THO (V3)"
https://smt.esante.gouv.fr/fhir/ValueSet/jdv-hl7-v3-ActSubstanceAdminSubstitutionCode-cisis,20260619134042,active,"2.16.840.1.113883.1.11.16621",ActSubstanceAdminSubstitutionCode,ActSubstanceAdminSubstitutionCode,"ActSubstanceAdminSubstitutionCode","StructureDefinition/fr-medication-request-document","THO (V3)"
https://smt.esante.gouv.fr/fhir/ValueSet/jdv-hl7-v3-ActSubstanceAdministrationImmunizationCode-cisis,20260619134043,active,"2.16.840.1.113883.1.11.19709",ActSubstanceAdministrationImmunizationCode,ActSubstanceAdministrationImmunizationCode,"ActSubstanceAdministrationImmunizationCode","StructureDefinition/fr-immunization-type-extension,StructureDefinition/fr-immunization-document","THO (V3)"
https://smt.esante.gouv.fr/fhir/ValueSet/jdv-hl7-v3-ObservationInterpretation-cisis,20260619134042,active,"2.16.840.1.113883.1.11.78",ObservationInterpretation,ObservationInterpretation,"ObservationInterpretation","StructureDefinition/fr-observation-multiresistant-microorganism-document,StructureDefinition/fr-observation-blood-product-transfusion-document,StructureDefinition/fr-observation-work-related-accident-document,StructureDefinition/fr-observation-contra-indications-document,StructureDefinition/fr-observation-microorganism-detection-document,StructureDefinition/fr-observation-administration-blood-derivatives-document,StructureDefinition/fr-observation-result-document,StructureDefinition/fr-observation-transfusion-accidents-document,StructureDefinition/fr-interpretation-extension,StructureDefinition/fr-observation-pregnancy-document,StructureDefinition/fr-observation-laboratory-report-results-document,StructureDefinition/fr-observation-vital-signs-document,StructureDefinition/fr-observation-medical-summary-document","THO (V3)"
https://smt.esante.gouv.fr/fhir/ValueSet/jdv-hl7-v3-ObservationMethod-cisis,20260619134042,active,"2.16.840.1.113883.1.11.14079",ObservationMethod,ObservationMethod,"ObservationMethod","StructureDefinition/fr-observation-microorganism-detection-document,StructureDefinition/fr-observation-administration-blood-derivatives-document,StructureDefinition/fr-observation-result-document,StructureDefinition/fr-observation-transfusion-accidents-document,StructureDefinition/fr-observation-multiresistant-microorganism-document,StructureDefinition/fr-observation-blood-product-transfusion-document,StructureDefinition/fr-observation-work-related-accident-document,StructureDefinition/fr-observation-pregnancy-document,StructureDefinition/fr-method-extension,StructureDefinition/fr-observation-medical-summary-document,StructureDefinition/fr-observation-contra-indications-document","THO (V3)"
https://smt.esante.gouv.fr/fhir/ValueSet/jdv-hl7-v3-PersonalRelationshipRoleType-cisis,20260619134041,active,"2.16.840.1.113883.1.11.19563",PersonalRelationshipRoleType,PersonalRelationshipRoleType,"PersonalRelationshipRoleType","StructureDefinition/fr-family-member-history-document","THO (V3)"
https://smt.esante.gouv.fr/fhir/ValueSet/jdv-human-substance-administration-site-cisis,20260619134041,active,"1.2.250.1.213.1.1.5.686",JdvHumanSubstanceAdministrationSiteCisis,JDV Human Substance Administration Site CISIS,"JDV Human Substance Administration Site CISIS","StructureDefinition/fr-medication-request-document,StructureDefinition/fr-medication-administration-document,StructureDefinition/fr-medication-statement-document","SCT"
https://smt.esante.gouv.fr/fhir/ValueSet/jdv-imagerie-objectif-reference-cisis,20260619134042,active,"1.2.250.1.213.1.1.5.672",JdvImagerieObjectifReferenceCisis,JDV Imagerie Objectif Reference CISIS,"JDV Imagerie Objectif Reference CISIS","StructureDefinition/fr-imaging-study-document","DICOM"
https://smt.esante.gouv.fr/fhir/ValueSet/jdv-immunization-approach-site-code-cisis,20260619134041,active,"1.2.250.1.213.1.1.5.621",JdvImmunizationApproachSiteCodeCisis,JDV Immunization Approach Site Code CISIS,"JDV Immunization Approach Site Code CISIS","StructureDefinition/fr-immunization-document","SCT"
https://smt.esante.gouv.fr/fhir/ValueSet/jdv-immunization-route-code-cisis,20260619134042,active,"1.2.250.1.213.1.1.5.676",JdvImmunizationRouteCodeCisis,JDV Immunization Route Code CISIS,"JDV Immunization Route Code CISIS","StructureDefinition/fr-immunization-document","ans.fr.terminologies"
https://smt.esante.gouv.fr/fhir/ValueSet/jdv-imputabilite-cisis,20260619134042,active,"1.2.250.1.213.1.1.5.786",JdvImputabiliteCisis,JDV Imputabilite CISIS,"JDV Imputabilite CISIS","StructureDefinition/fr-adverse-event-document","SCT"
https://smt.esante.gouv.fr/fhir/ValueSet/jdv-j368-categorie-etablissement-cisis,20260505120000,active,"1.2.250.1.213.1.1.5.823",JdvJ368CategorieEtablissementCisis,Jdv J368 Categorie Etablissement Cisis,"JDV pour le CISIS reprenant l'ensemble des valeurs actives et obsolètes de niveau 4 dans la TreR397CategorieEntiteGeographiqueExercice","StructureDefinition/fr-location-document","ans.fr.terminologies"
https://smt.esante.gouv.fr/fhir/ValueSet/jdv-localisation-anatomique-cisis,20251028115832,active,"1.2.250.1.213.1.1.5.694",JdvLocalisationAnatomiqueCisis,JDV Localisation Anatomique CISIS,"JDV Localisation Anatomique CISIS","StructureDefinition/fr-procedure-imaging-document","SCT"
https://smt.esante.gouv.fr/fhir/ValueSet/jdv-modalite-acquisition-cisis,20260420150250,active,"1.2.250.1.213.1.1.5.618",JdvModaliteAcquisitionCisis,JDV Modalite Acquisition CISIS,"JDV Modalite Acquisition CISIS","StructureDefinition/fr-imaging-study-document","DICOM"
https://smt.esante.gouv.fr/fhir/ValueSet/jdv-modalite-sortie-cisis,20260619134043,active,"1.2.250.1.213.1.1.5.74",JdvModaliteSortieCisis,JDV Modalite Sortie CISIS,"JDV Modalite Sortie CISIS","StructureDefinition/fr-encounter-document","ans.fr.terminologies,SCT"
https://smt.esante.gouv.fr/fhir/ValueSet/jdv-mode-de-transport-cisis,20260619134043,active,"1.2.250.1.213.1.1.5.140",JdvModeDeTransportCisis,JDV Mode De Transport CISIS,"JDV Mode De Transport CISIS","StructureDefinition/fr-task-patient-transport-document","ans.fr.terminologies"
https://smt.esante.gouv.fr/fhir/ValueSet/jdv-modificateur-topographique-cisis,20260619134042,active,"1.2.250.1.213.1.1.5.688",JdvModificateurTopographiqueCisis,JDV Modificateur Topographique CISIS,"JDV Modificateur Topographique CISIS","StructureDefinition/fr-body-structure-document,StructureDefinition/fr-imaging-study-document","SCT"
https://smt.esante.gouv.fr/fhir/ValueSet/jdv-observation-grossesse-cisis,20260619134041,active,"1.2.250.1.213.1.1.5.500",JdvObservationGrossesseCisis,JDV Observation Grossesse CISIS,"JDV Observation Grossesse CISIS","StructureDefinition/fr-observation-pregnancy-document","ans.fr.terminologies,LOINC"
https://smt.esante.gouv.fr/fhir/ValueSet/jdv-origine-effet-indesirable-cisis,20260619134042,active,"1.2.250.1.213.1.1.5.785",JdvOrigineEffetIndesirableCisis,JDV Origine Effet Indesirable CISIS,"JDV Origine Effet Indesirable CISIS","StructureDefinition/fr-adverse-event-document","ans.fr.terminologies,SCT"
https://smt.esante.gouv.fr/fhir/ValueSet/jdv-participant-additionnel-resultat-cisis,20260619134043,active,"1.2.250.1.213.1.1.5.138",JdvParticipantAdditionnelResultatCisis,JDV Participant Additionnel Resultat CISIS,"JDV Participant Additionnel Resultat CISIS","StructureDefinition/fr-observation-laboratory-report-results-document","THO (V3)"
https://smt.esante.gouv.fr/fhir/ValueSet/jdv-quantite-exposition-rayonnements-cisis,20260619134041,active,"1.2.250.1.213.1.1.5.620",JdvQuantiteExpositionRayonnementsCisis,JDV Quantite Exposition Rayonnements CISIS,"JDV Quantite Exposition Rayonnements CISIS","StructureDefinition/fr-observation-radiation-exposure-document","DICOM"
https://smt.esante.gouv.fr/fhir/ValueSet/jdv-resultat-type-cisis,20260619134042,active,"1.2.250.1.213.1.1.5.828",JdvResultatTypeCisis,Jdv Type Resultat Type CISIS,"Jdv Type Resultat Type CISIS","StructureDefinition/fr-diagnostic-report-imaging-document,StructureDefinition/fr-diagnostic-report-document,StructureDefinition/fr-diagnostic-report-bio-chapter-document","LOINC"
https://smt.esante.gouv.fr/fhir/ValueSet/jdv-role-informateur-cisis,20260619134042,active,"1.2.250.1.213.1.1.5.824",JdvRoleInformateurCisis,Jdv Role Informateur CISIS,"Jdv Role Informateur CISIS","StructureDefinition/fr-patient-ins-document","THO (V3)"
https://smt.esante.gouv.fr/fhir/ValueSet/jdv-section-document-cisis,20260619134042,active,"1.2.250.1.213.1.1.5.836",JdvSectionDocumentCisis,JDV Section Document CISIS,"JDV Section Document CISIS","StructureDefinition/fr-composition-document","ans.fr.terminologies,LOINC,DICOM"
https://smt.esante.gouv.fr/fhir/ValueSet/jdv-signe-vital-cisis,20260619134043,active,"1.2.250.1.213.1.1.5.171",JdvSigneVitalCisis,JDV Signe Vital CISIS,"JDV Signe Vital CISIS","StructureDefinition/fr-observation-vital-signs-document","LOINC"
https://smt.esante.gouv.fr/fhir/ValueSet/jdv-social-history-code-cisis,20260619134042,active,"1.2.250.1.213.1.1.4.2.283.4",JdvSocialHistoryCodeCisis,JDV Social History Code CISIS,"JDV Social History Code CISIS","StructureDefinition/fr-observation-social-history-document","LOINC"
https://smt.esante.gouv.fr/fhir/ValueSet/jdv-sop-class-cisis,20260619134042,active,"1.2.250.1.213.1.1.5.689",JdvSopClassCisis,JDV Sop Class CISIS,"JDV Sop Class CISIS","StructureDefinition/fr-imaging-study-document","Other"
https://smt.esante.gouv.fr/fhir/ValueSet/jdv-specimen-type-cisis,20260619134042,active,"1.2.250.1.213.1.1.5.819",JdvSpecimenTypeCisis,JDV Specimen Type CISIS,"JDV Specimen Type CISIS","StructureDefinition/fr-specimen-document","THO (V3),THO (V2)"
https://smt.esante.gouv.fr/fhir/ValueSet/jdv-type-directive-anticipee-cisis,20260619134043,active,"1.2.250.1.213.1.1.5.136",JdvTypeDirectiveAnticipeeCisis,JDV Type Directive Anticipee CISIS,"JDV Type Directive Anticipee CISIS","StructureDefinition/fr-advance-directive-document","ans.fr.terminologies,SCT,LOINC"
https://smt.esante.gouv.fr/fhir/ValueSet/jdv-type-motorisation-cisis,20260619134042,active,"1.2.250.1.213.1.1.5.801",JdvTypeMotorisationCisis,JDV Type Motorisation CISIS,"JDV Type Motorisation CISIS","StructureDefinition/fr-task-patient-transport-document","ans.fr.terminologies"
https://smt.esante.gouv.fr/fhir/ValueSet/jdv-type-systeme-cisis,20260619134042,active,"1.2.250.1.213.1.1.5.825",JdvTypeSystemeCisis,Jdv Type Systeme CISIS,"Jdv Type Systeme CISIS","StructureDefinition/fr-device-auteur-document","ans.fr.terminologies"
https://smt.esante.gouv.fr/terminologie-sms?vs,20241114120000,active,,ValueSet_SMS_All,,"Ce jeu de valeurs inclut tous les codes de la terminologie SMS, Dictionnaire des substances médicamenteuses","StructureDefinition/fr-medication-document","ans.fr.terminologies"
